pid,frame,is_ed,z_idx,dice_BG,dice_RV,dice_MYO,dice_LV,macro_dice
patient101,ed,True,0,0.9959012086178222,,0.8407350689094919,0.9678563511395082,0.9042957100245
patient101,ed,True,1,0.9940901917328173,0.9498327759177471,0.8633405639886479,0.9751421608432573,0.9294385002498841
patient101,ed,True,2,0.9951764407208268,0.9725363489479553,0.8993288590576591,0.9839388741603244,0.951934694055313
patient101,ed,True,3,0.993778073531693,0.9577527095754087,0.8592277287903338,0.970730027546538,0.9292368219707602
patient101,ed,True,4,0.9927288280580061,0.9529113924026509,0.8108783994973089,0.9580383353462993,0.9072760424154197
patient101,ed,True,5,0.9954134325484324,0.938322938319687,0.8782031002819418,0.9682629107963038,0.9282629831326442
patient101,ed,True,6,0.996254448813236,0.9298856290356545,0.8809201623786167,0.9633318243527312,0.9247125385890008
patient101,ed,True,7,0.9957673850187791,0.9044289044218771,0.7938097405516896,0.9554990464051002,0.8845792304595556
patient101,ed,True,8,0.9961029741983578,0.8571428571355686,0.8286082474173415,0.9467815509328598,0.8775108851619233
patient101,ed,True,9,0.9958003848475363,0.7333333333216931,0.5930735930671746,0.8106448311073629,0.7123505858320769
patient101,es,False,0,0.9999999999998644,,,,
patient101,es,False,1,0.9939392120974236,,0.8142905291512832,0.9641725566635043,0.8892315429073938
patient101,es,False,2,0.9803488628834842,0.46398503273870917,0.8825065274125834,0.9655900358856543,0.770693865345649
patient101,es,False,3,0.9949227232084247,0.9405940594028364,0.8930362116966768,0.9638069705072301,0.932479080535581
patient101,es,False,4,0.9942351180047466,0.9433828733158408,0.8696151636965261,0.9718979680048165,0.9282986683390612
patient101,es,False,5,0.9953925716970702,0.9239543726191828,0.8749999999975029,0.9638051044061164,0.9209198256742673
patient101,es,False,6,0.9962052820024795,0.9002184996292775,0.9005776831836407,0.9714439655146244,0.9240800494425142
patient101,es,False,7,0.9956771271336261,0.7818499127263202,0.8495642288713545,0.9557910120535046,0.8624017178837264
patient101,es,False,8,0.9964792274417641,0.7526881720160327,0.8399638336309224,0.9260606060549936,0.8395708705673162
patient101,es,False,9,0.9968211289892035,0.0,0.7865168539273859,0.8652482269380816,0.5505883602884891
patient102,ed,True,0,0.9830977684131307,0.7468545546030527,0.8934049079720345,0.9543529411719796,0.8648708012490222
patient102,ed,True,1,0.9968422221868013,0.9686081694384103,0.918846411801077,0.9487494874909851,0.9454013562434908
patient102,ed,True,2,0.9943439091263621,0.9552605703024699,0.8737018425431367,0.9698245614001059,0.9329289914152374
patient102,ed,True,3,0.9955432094995276,0.9580838323317438,0.8688205527408766,0.9700235769586729,0.9323093206770977
patient102,ed,True,4,0.9970628606849886,0.9563543003789708,0.8457446808465653,0.9554592037802307,0.9191860616685888
patient102,ed,True,5,0.9980022133749662,0.9576883384834087,0.8580729166610803,0.9489671931898606,0.9215761494447832
patient102,ed,True,6,0.997132253711061,0.8652482269298996,0.7883211678768183,0.935897435887437,0.863155610231385
patient102,ed,True,7,0.9995386327243738,,,,
patient102,es,False,0,0.9983289178722915,,,,
patient102,es,False,1,0.9842281678336948,0.6427469135777673,0.9204087952898099,0.9434661723730913,0.8355406270802228
patient102,es,False,2,0.9965346384167255,0.9468120251042391,0.946542422753932,0.8902291917866076,0.9278612132149262
patient102,es,False,3,0.9973212691230137,0.9317269076258448,0.9316143497731737,0.8930041152171502,0.9187817908720562
patient102,es,False,4,0.9970364344237032,0.8807157057566529,0.9226210075702251,0.9352179034047677,0.9128515389105486
patient102,es,False,5,0.9966891165316378,0.7142857142702536,0.8572778827936802,0.8270042193918353,0.7995226054852563
patient102,es,False,6,0.99682601553568,0.20895522384940968,0.8075178224186162,0.8591549295472128,0.6252093252717462
patient102,es,False,7,0.9999999999998644,,,,
patient103,ed,True,0,0.9817394395783942,0.7450052576215956,0.9220308250205757,0.9696969696942984,0.8789110174454899
patient103,ed,True,1,0.9936335223982615,0.9361409933601829,0.9265255292633323,0.9665683382473782,0.9430782869569644
patient103,ed,True,2,0.9948156213939324,0.9225172790071935,0.9342951842446202,0.9705950451470928,0.9424691694663022
patient103,ed,True,3,0.9933362236458093,0.8650406504018155,0.8999789429334597,0.9610870907948094,0.9087022280433615
patient103,ed,True,4,0.9943432406518067,0.8824289405627751,0.8626347866833975,0.9490063742014454,0.898023367149206
patient103,ed,True,5,0.9955022960305411,0.8665594855235808,0.9079632845425255,0.9636176772847613,0.9127134824502892
patient103,ed,True,6,0.9952012265234197,0.8189158016053182,0.8805927614679949,0.9638962927042309,0.8878016185925146
patient103,ed,True,7,0.9957561329053491,0.8592057761422669,0.8619871142731028,0.9516521739097334,0.8909483547750344
patient103,ed,True,8,0.9961724929827627,,0.8280632411026282,0.9328743545530734,0.8804687978278508
patient103,es,False,0,0.9922814949211058,,0.9060896720925584,0.9236994219599787,0.9148945470262686
patient103,es,False,1,0.9940961484395412,0.9418306244613267,0.9298918730363971,0.9521472392579623,0.9412899122518953
patient103,es,False,2,0.9912371532337546,0.7242394504345021,0.9189461318997836,0.9408312958389202,0.8613389593910686
patient103,es,False,3,0.9931861374204674,0.0,0.8440233236136224,0.936343681401893,0.5934556683385052
patient103,es,False,4,0.991351233423043,0.4905660377287291,0.8294256829407842,0.9419293671463809,0.7539736959386314
patient103,es,False,5,0.9928574748615663,0.681318681306203,0.8700048146344006,0.9578595317704396,0.8363943425703478
patient103,es,False,6,0.9947757215747476,0.8799999999859199,0.8626274745025116,0.9625668449174464,0.9017314398019592
patient103,es,False,7,0.9940690812225355,0.8080808080399959,0.7635239567203883,0.9268292682895863,0.8328113443499902
patient103,es,False,8,0.9941322725011019,,0.7403375068005426,0.957503320046763,0.8489204134236528
patient104,ed,True,0,0.9776164959640207,0.8317575083414463,0.8811289165250392,0.9216671593233176,0.8781845280632677
patient104,ed,True,1,0.991422516734335,0.9473340942427078,0.9152608105469939,0.9503355704666097,0.9376434917521038
patient104,ed,True,2,0.9933208564411681,0.9526419978666779,0.8710493046757879,0.9353138476259336,0.9196683833894665
patient104,ed,True,3,0.993882154390245,0.9230349344952974,0.8756681385059827,0.9420009666482794,0.9135680132165197
patient104,ed,True,4,0.9938688688687135,0.8397337429552497,0.8771551724114302,0.9672885873492433,0.894725834238641
patient104,ed,True,5,0.9938931297708407,0.7079337401856327,0.8854471069524096,0.9614648811124311,0.8516152427501579
patient104,ed,True,6,0.9951054551925196,0.4932249322359559,0.8781419026379951,0.967072297777498,0.7794797108838164
patient104,ed,True,7,0.9962725768149966,,0.8499184339280184,0.9391401451650523,0.8945292895465353
patient104,ed,True,8,0.9964215046519042,,0.8047858942014813,0.9375709421005951,0.8711784181510382
patient104,es,False,0,0.9999999999998644,,,,
patient104,es,False,1,0.9830337245578692,,0.8463317216715445,0.8938053097266035,0.870068515699074
patient104,es,False,2,0.9931850327888336,0.9141675284365788,0.9531357684339195,0.9415807560029601,0.9362946842911528
patient104,es,False,3,0.9956313002669082,0.9209453952692709,0.957494407157189,0.8830409356596046,0.9204935793620215
patient104,es,False,4,0.9967789779620674,0.8309352517910887,0.9474480151210823,0.8076256498993479,0.8620029722705063
patient104,es,False,5,0.9958908346464505,0.6214689265361166,0.9199029126194986,0.8255159474516789,0.7889625955357648
patient104,es,False,6,0.9964215863816014,0.07106598984410832,0.9360805431961225,0.6297872340157538,0.5456445890186615
patient104,es,False,7,0.9958195633137028,,0.8749999999969277,0.1891891891636231,0.5320945945802754
patient104,es,False,8,0.9983511382686955,,0.906824146975677,0.30303030293847566,0.6049272249570763
patient105,ed,True,0,0.957598721881978,,,,
patient105,ed,True,1,0.9941646855412223,0.9529280357412591,0.9036269430033086,0.9319919517065112,0.929515643483693
patient105,ed,True,2,0.9947716743876581,0.9711520565773848,0.8942645337477677,0.8913589100003896,0.9189251667751807
patient105,ed,True,3,0.9939800425321457,0.9407775768513997,0.8780593458937014,0.945740792800265,0.9215259051817887
patient105,ed,True,4,0.9942607970757328,0.9463647199018285,0.8897276894017533,0.9722287047818619,0.9361070380284812
patient105,ed,True,5,0.9948751499289695,0.9444193402578202,0.8776612646937475,0.9666746583529929,0.9295850877681868
patient105,ed,True,6,0.9967431621481565,0.9311999999925504,0.8836863619439477,0.9621933621905854,0.9256932413756944
patient105,ed,True,7,0.9966763728343486,0.8951612903105489,0.8720073664784899,0.9680170575658564,0.9117285714516318
patient105,ed,True,8,0.9958262001441736,,0.7129563349984757,0.9358353510839236,0.8243958430411996
patient105,ed,True,9,0.9975341295751543,,0.7213997308112867,0.9289340101287072,0.825166870469997
patient105,es,False,0,0.9999999999998644,,,,
patient105,es,False,1,0.9782563505590463,,,,
patient105,es,False,2,0.9881146080298471,0.7393617021248505,0.9296930763723595,0.8738269030148714,0.8476272271706938
patient105,es,False,3,0.9954721560937629,0.9114703618132738,0.9579371474601807,0.9268292682785544,0.9320789258506696
patient105,es,False,4,0.9956589578407571,0.8616915422842703,0.9385878489311353,0.8807134893993231,0.8936642935382428
patient105,es,False,5,0.9964785038884816,0.7743413516520694,0.9228559704535847,0.8285256410190023,0.8419076543748855
patient105,es,False,6,0.9971482330803497,0.7654320987496824,0.9422946367935228,0.9383647798624105,0.8820305051352052
patient105,es,False,7,0.997283897391536,0.7290640393729525,0.9300029044410979,0.8128772635651332,0.823981402459728
patient105,es,False,8,0.99754724343595,,0.8875479978009461,0.8053691274627268,0.8464585626318364
patient105,es,False,9,0.9999999999998644,,,,
patient106,ed,True,0,0.9872315153912725,0.9598851296769632,0.8290598290574671,0.9721962616811072,0.9203804068051792
patient106,ed,True,1,0.9907535464494033,0.9732795078806484,0.8615043019681891,0.9785878994169555,0.9377905697552643
patient106,ed,True,2,0.9918777986700154,0.9696582561471631,0.8881211799072865,0.9789649415681925,0.9455814592075473
patient106,ed,True,3,0.9886669263441121,0.9436860068247882,0.8312874678822972,0.9748396645276581,0.9166043797449145
patient106,ed,True,4,0.9929000159349506,0.9649275362304857,0.8223938223911764,0.9581549509722992,0.9151587698646537
patient106,ed,True,5,0.9949965963238606,0.969082789417779,0.8348170128558035,0.956649762799024,0.9201831883575355
patient106,ed,True,6,0.9955688261358265,0.954036130800471,0.8909790508726337,0.9721194177128741,0.9390448664619929
patient106,ed,True,7,0.99481392483978,0.9268581581257719,0.7250400427083554,0.9218348623819382,0.8579110210720219
patient106,ed,True,8,0.9955512462212691,0.9174543163143198,0.6743737957545822,0.910401647776412,0.8340765866151046
patient106,es,False,0,0.9447234434460624,0.4168547780278088,0.821721854302459,0.9557122708026012,0.7314296343776231
patient106,es,False,1,0.9889999628375286,0.9432116439979202,0.8270466610762027,0.9591143540055868,0.9097908863599032
patient106,es,False,2,0.987552326331719,0.9220895905520189,0.8421945701333649,0.9588940543173979,0.9077260716675939
patient106,es,False,3,0.9904957338803704,0.9328235936633905,0.8426635238631625,0.9629828326167342,0.912823316714429
patient106,es,False,4,0.9904388330471421,0.9539384846197241,0.7672876539287424,0.9481590574360116,0.8897950653281593
patient106,es,False,5,0.9950468177498651,0.9615451539917147,0.831143864143444,0.9593771157735962,0.917355377969585
patient106,es,False,6,0.99489414496795,0.9453124999978278,0.8226894089614333,0.954841946811453,0.907614618590238
patient106,es,False,7,0.9939688210952325,0.9214748100171082,0.7270777479853776,0.9435569755025078,0.8640365111683312
patient106,es,False,8,0.9954918968270664,0.8822800495608285,0.7219690063744579,0.8707926167115007,0.8250138908822624
patient107,ed,True,0,0.9546138300942133,0.10222531293427599,0.6940588561871514,0.9536751080884692,0.5833197590699655
patient107,ed,True,1,0.9766530717105597,0.7374468085090693,0.8220952380921064,0.9696969696946189,0.8430796720985981
patient107,ed,True,2,0.9877030612903716,0.8757162616066475,0.8390522875782719,0.9685164212888595,0.8944283234912597
patient107,ed,True,3,0.9937679172377861,0.9396524486542192,0.7990361445744625,0.9665427509271224,0.9017437813852679
patient107,ed,True,4,0.9927083174096959,0.9105691056873555,0.7609022556352837,0.9688796680472799,0.8801170097899731
patient107,ed,True,5,0.9938955392768457,0.8818737270830862,0.7547169811276255,0.955234159776325,0.8639416226623456
patient107,ed,True,6,0.9951077883427459,0.8995815899518859,0.7230657989824797,0.953603158929153,0.8587501826211729
patient107,ed,True,7,0.9945310747137938,0.3459715639728443,0.7381818181751075,0.923937360168636,0.6693635807721959
patient107,ed,True,8,0.9974299351363226,,0.0,0.0,0.0
patient107,es,False,0,0.9999999999998644,,,,
patient107,es,False,1,0.9689647560884455,0.045977011494023105,0.7745995423296648,0.9169960474262995,0.5791908670833291
patient107,es,False,2,0.9886216466233444,0.8761670761649234,0.8639338615195868,0.9572559366704103,0.8991189581183069
patient107,es,False,3,0.9908806232336377,0.8991756499654433,0.7832214765074389,0.8905589478586634,0.8576520247771819
patient107,es,False,4,0.9902408637872286,0.708128750678079,0.8581588304983874,0.9680412371084122,0.8447762727616261
patient107,es,False,5,0.9939615630260417,0.8089500860515582,0.8332603938694387,0.9517638588844366,0.8646581129351446
patient107,es,False,6,0.9941924700415035,0.7508650518901234,0.790074441683424,0.8975791433724846,0.8128395456486773
patient107,es,False,7,0.9970307645779841,0.0,0.7202797202713254,0.0,0.24009324009044178
patient107,es,False,8,0.9999999999998644,,,,
patient108,ed,True,0,0.990441099794746,0.9568535368345218,0.8865692414732392,0.9788746298105057,0.9407658027060889
patient108,ed,True,1,0.9892883048529901,0.9213215258839896,0.8803005904431555,0.9618478036688763,0.9211566399986738
patient108,ed,True,2,0.9910320041073095,0.9578446909652015,0.8804578211087739,0.9747072599508789,0.9376699240082847
patient108,ed,True,3,0.9934871891806586,0.9615203392477438,0.9166340508788324,0.9615574174446487,0.9465706025237416
patient108,ed,True,4,0.9946774465216449,0.9604946753676391,0.9410989010968328,0.9814350225765645,0.9610095330136788
patient108,ed,True,5,0.994801527452268,0.9507042253497215,0.8931788931765942,0.9579214911015026,0.9339348698759394
patient108,ed,True,6,0.995479135058772,0.9351473922860084,0.8936303733891007,0.9594550762213446,0.9294109472988179
patient108,ed,True,7,0.9959820373432705,0.8970588235199889,0.8396641343429042,0.9414501744825846,0.8927243774484926
patient108,ed,True,8,0.9956231348584631,,0.7463556851268435,0.9227023737010183,0.8345290294139309
patient108,ed,True,9,0.9963585007544693,,0.6551724137864587,0.8516377649161534,0.753405089351306
patient108,es,False,0,0.9813056994817297,,,,
patient108,es,False,1,0.9569646040232922,,,,
patient108,es,False,2,0.9922393791501734,0.901703800784006,0.9270886944571504,0.9276274386348168,0.9188066446253244
patient108,es,False,3,0.9946517193195005,0.9181922196770075,0.9358877658757945,0.8656716417845846,0.9065838757791288
patient108,es,False,4,0.9956359297979662,0.9202003338867439,0.9471896756648884,0.928196147102205,0.9318620522179457
patient108,es,False,5,0.9960286419157296,0.8961352656950717,0.9432725783310603,0.8499298737608706,0.896445905929001
patient108,es,False,6,0.995807097254745,0.8390977443482842,0.9248139594536187,0.8702928870171507,0.8780681969396845
patient108,es,False,7,0.9940796555434545,0.04395604395121362,0.8179808400854165,0.5517241379137391,0.47122034065012314
patient108,es,False,8,0.9966089496047009,,0.767691208000231,,0.767691208000231
patient108,es,False,9,0.9999999999998644,,,,
patient109,ed,True,0,0.9858368514229563,0.916172106823793,0.8511396011365701,0.9750489236766755,0.9141202105456795
patient109,ed,True,1,0.9950154782515707,0.9748882008932749,0.8999305072936069,0.9802100161531094,0.9516762414466639
patient109,ed,True,2,0.9945216438545028,0.9636955433137661,0.8564560439531028,0.9735410020623503,0.9312308631097398
patient109,ed,True,3,0.9935739839602242,0.9397484644619191,0.8540393754214052,0.9703927492427585,0.9213935297086943
patient109,ed,True,4,0.9940027528346015,0.940909090907446,0.8888042650385042,0.9788700045912291,0.936194453512393
patient109,ed,True,5,0.9943270704611042,0.9228578210279543,0.8788659793776682,0.9738729508171776,0.9251989170742667
patient109,ed,True,6,0.9946531962659526,0.8442260442218957,0.8603683897750424,0.9722463139593571,0.8922802493187652
patient109,ed,True,7,0.9964109142798051,0.8701538461484914,0.8654970760170652,0.9396170839400618,0.8917560020352061
patient109,es,False,0,0.9999999999998644,,,,
patient109,es,False,1,0.9728029484652455,0.685881207398859,0.9049382716021452,0.9588357588317721,0.8498850792775922
patient109,es,False,2,0.9941612285950977,0.9634787991319043,0.9042941341540716,0.9585937499962556,0.9421222277607438
patient109,es,False,3,0.9950775608016783,0.959405769561307,0.9220623501171401,0.9623901581688493,0.9479527592824321
patient109,es,False,4,0.9936714868839994,0.9227125941853117,0.9054301403267071,0.9495959984572928,0.9259129109897706
patient109,es,False,5,0.995311082755393,0.9281437125720715,0.884152629766641,0.946546052627687,0.9196141316554666
patient109,es,False,6,0.9942619130838585,0.8145207033419483,0.8979196903681765,0.9432739059891145,0.8852380998997464
patient109,es,False,7,0.9970089165472128,0.9111470113012025,0.8362573099354076,0.8601036269281502,0.8691693160549202
patient110,ed,True,0,0.9396236483197672,0.0,0.8810143042884233,0.9481205343244855,0.6097116128709695
patient110,ed,True,1,0.9951639262246949,0.9717677718242772,0.8879333512472778,0.9400127632388641,0.933237962103473
patient110,ed,True,2,0.9960994238896421,0.9673744173986408,0.9093759799281613,0.9611287071668266,0.9459597014978763
patient110,ed,True,3,0.9951665831459248,0.9716629381040797,0.8837357052068496,0.9520119225008882,0.9358035219372725
patient110,ed,True,4,0.994099784445302,0.9548656404879863,0.8257352941146113,0.9441680486430509,0.9082563277485495
patient110,ed,True,5,0.9934059853362344,0.9511077158099652,0.7266099635450523,0.9352317141235756,0.8709831311595311
patient110,ed,True,6,0.9946221425501127,0.9116655428124636,0.7398633257369482,0.927479419831723,0.8596694294603783
patient110,ed,True,7,0.9976715079894931,0.9419354838633716,0.871199557761906,0.9516539440155133,0.9215963285469303
patient110,ed,True,8,0.9979603446599884,,0.7949640287698295,0.8513761467733693,0.8231700877715994
patient110,es,False,0,0.9965976210565072,,,,
patient110,es,False,1,0.9611808389847238,0.1944157187170134,0.8902255639075434,0.9236319903732795,0.6694244243326121
patient110,es,False,2,0.9949893074003723,0.9389179755648493,0.918727915192182,0.9226401703270218,0.926762020361351
patient110,es,False,3,0.9952159036366881,0.9344305813620005,0.8996990972896196,0.8786127167566575,0.9042474651360926
patient110,es,False,4,0.9946853741495089,0.9148455161985123,0.9069707178001892,0.9271523178739725,0.9163228506242246
patient110,es,False,5,0.9961054657771915,0.9223085460548152,0.8956473214260724,0.8966037735781389,0.9048532136863422
patient110,es,False,6,0.9961685823753343,0.7667493796430924,0.8957317073143423,0.7588075880655988,0.8070962250076779
patient110,es,False,7,0.997963572150639,0.90259740258275,0.8619320688096077,0.7307692307575198,0.8317662340499591
patient110,es,False,8,0.9990531992259563,,0.845671267241585,,0.845671267241585
patient111,ed,True,0,0.9669567391065091,,0.892780172411388,0.9470017417244414,0.9198909570679147
patient111,ed,True,1,0.9928674268123533,0.9323070850583535,0.8817891373780247,0.9349339735871911,0.9163433986745231
patient111,ed,True,2,0.9955088358770796,0.9590940605478182,0.8813070639094635,0.9490092470252338,0.9298034571608386
patient111,ed,True,3,0.9952136645183953,0.9423984891377325,0.8898464853194457,0.9456297315865602,0.9259582353479128
patient111,ed,True,4,0.9922475869463778,0.8783621035693362,0.8972537878766638,0.9294320137640308,0.9016826350700103
patient111,ed,True,5,0.9910212424263098,0.5924932975791891,0.8079759628494729,0.8934624697228394,0.7646439100505004
patient111,es,False,0,0.99817872040406,,0.936258064513713,0.9304691916284316,0.9333636280710722
patient111,es,False,1,0.9945031712472016,0.9038148027358859,0.9341601313132698,0.9100529100460314,0.9160092813650623
patient111,es,False,2,0.9960904092851258,0.9195289499464204,0.9284181782700831,0.9048938134727158,0.9176136472297398
patient111,es,False,3,0.9917886998279197,0.6394557823042251,0.8875429032891429,0.814685314671072,0.7805613334214799
patient111,es,False,4,0.9927805220236471,0.35344827584683414,0.9062565831032099,0.8359133126676188,0.6985393905392211
patient111,es,False,5,0.9931885361777274,,0.847682119202959,0.0,0.4238410596014795
patient112,ed,True,0,0.9896564397849048,0.9555907044641007,0.8336391437283375,0.9580556644434378,0.9157618375452921
patient112,ed,True,1,0.9911097650054356,0.9471974004863093,0.907928388744481,0.9656940063072443,0.940273265179345
patient112,ed,True,2,0.9908666248342414,0.9662826636682126,0.8550096339093087,0.9669681478549608,0.9294201484774941
patient112,ed,True,3,0.9943564104735202,0.9722622478368655,0.8813384813362128,0.9704880817234762,0.9413629369655183
patient112,ed,True,4,0.9955129146473158,0.960822450678075,0.8905065210770685,0.9817853922434955,0.944371454666213
patient112,ed,True,5,0.9961678512933906,0.937305469093209,0.8937499999972071,0.9743970315380809,0.9351508335428322
patient112,ed,True,6,0.995711980327212,0.890829694315364,0.8275602409607397,0.9633895516228643,0.8939264956329893
patient112,ed,True,7,0.9961323079219001,0.8880308880137445,0.858880778585325,0.9738025932760683,0.9069047532917126
patient112,ed,True,8,0.9979451755343276,,0.9086576648097353,0.9656503280549377,0.9371539964323365
patient112,ed,True,9,0.9962116411056662,,0.5792349726736391,0.7239459029377571,0.651590437805698
patient112,es,False,0,0.9999999999998644,,,,
patient112,es,False,1,0.9894491074593644,,0.7544836116241358,0.9411764705849002,0.847830041104518
patient112,es,False,2,0.9876165477703365,0.8407789232512239,0.9505976095598594,0.9509803921526249,0.9141189749879027
patient112,es,False,3,0.9930021215286101,0.9363607291303603,0.9076826460102414,0.9541697971414194,0.932737724094007
patient112,es,False,4,0.9951603334684805,0.9385059843130892,0.875158267913712,0.9321623258602902,0.9152755260290304
patient112,es,False,5,0.9963996261737991,0.9221635883844185,0.8979367262698819,0.957047791890632,0.9257160355149775
patient112,es,False,6,0.9971558589304538,0.8744186046376059,0.8724738675927789,0.9404517453771181,0.8957814058691677
patient112,es,False,7,0.9961521515639601,0.17777777776790124,0.8411580594646277,0.9503790489284963,0.6564382953870084
patient112,es,False,8,0.9969163376464745,,0.8444248567613732,0.9325570111551065,0.8884909339582399
patient112,es,False,9,0.9963793538969665,,0.6452459016351132,0.7005291005216875,0.6728875010784003
patient113,ed,True,0,0.9820678572731124,0.883301845660684,0.8907368907348332,0.9775657555428345,0.9172014973127839
patient113,ed,True,1,0.9918080963924415,0.9492991351014773,0.8819476343571844,0.9754377431894753,0.9355615042160457
patient113,ed,True,2,0.9903282478037929,0.9464150943381942,0.8888888888869674,0.9776243751476105,0.9376427861242572
patient113,ed,True,3,0.9921957695687056,0.939914163088448,0.8855491329459294,0.9754707631306052,0.9336446863883276
patient113,ed,True,4,0.9928560308590073,0.9363228699530576,0.8521560574926793,0.966538817615439,0.9183392483537253
patient113,ed,True,5,0.9935996323889793,0.8958262639942456,0.8429944654796301,0.9644527595868967,0.9010911630202574
patient113,ed,True,6,0.9940910670836108,0.9125759700752101,0.8290366350039721,0.9590424537105685,0.9002183529299169
patient113,ed,True,7,0.9934234163866292,0.8879168944730021,0.8285312719577353,0.9674473997598899,0.8946318553968758
patient113,ed,True,8,0.9968989042793649,0.8387096774113976,0.77439999999587,0.92827004219108,0.8471265731994492
patient113,ed,True,9,0.9971661943655892,,0.7760910815865647,0.8746081504565109,0.8253496160215378
patient113,es,False,0,0.97870587489686,,0.8912393653693005,0.9717557251889852,0.9314975452791429
patient113,es,False,1,0.9893242104899536,0.9022680412352531,0.9003918333658478,0.9665529010222413,0.9230709252077807
patient113,es,False,2,0.9913996127207245,0.9333868378793472,0.9021761236507989,0.9649446494450109,0.933502536991719
patient113,es,False,3,0.9929488401100133,0.9369738339000296,0.8980764978976385,0.9665679221315184,0.9338727513097288
patient113,es,False,4,0.990904803610963,0.9058858679387336,0.8326790971520298,0.9505264676172646,0.896363810902676
patient113,es,False,5,0.9929484069220454,0.8677345537717724,0.836933045354112,0.9529039773656967,0.8858571921638604
patient113,es,False,6,0.9958221846686702,0.856066314989781,0.8377053906000643,0.9301214413678477,0.8746310489858976
patient113,es,False,7,0.9956630551365601,0.8499127399576797,0.8730822873057934,0.9532790398607945,0.8920913557080893
patient113,es,False,8,0.9966385321099455,0.8802698144876852,0.8454651615381649,0.916837361733237,0.8808574459196956
patient113,es,False,9,0.9953347588235546,0.0,0.6843749999946533,0.646575342448039,0.44365011414756417
patient114,ed,True,0,0.9916163861541774,,0.8847011144865559,0.937635968091121,0.9111685412888384
patient114,ed,True,1,0.9885104713507223,0.9396825396813464,0.9306014540635419,0.9552614996829337,0.941848497809274
patient114,ed,True,2,0.9907317697382245,0.934664564720731,0.9260082565884131,0.9304729904344005,0.9303819372478482
patient114,ed,True,3,0.9914129306950175,0.8715056400174804,0.9232564925581915,0.9063670411958906,0.9003763912571875
patient114,ed,True,4,0.990928098702115,0.8585331942966336,0.9261351747217763,0.8912916423118314,0.8919866704434138
patient114,ed,True,5,0.9935507585375605,0.8690307328564112,0.9228048010095732,0.9282371294827659,0.9066908877829167
patient114,ed,True,6,0.9948402397203803,0.7936191425643707,0.9212310902435729,0.9540280210136733,0.8896260846072056
patient114,ed,True,7,0.9956942782085406,0.338624338606422,0.8821345707636146,0.9456699346385914,0.722142948002876
patient114,ed,True,8,0.9957733555945135,,0.8263358778599672,0.9353816142381484,0.8808587460490578
patient114,ed,True,9,0.9977014838520516,,0.820658804388692,0.8973536487534188,0.8590062265710554
patient114,ed,True,10,0.9950361329918973,,0.7704671019549449,0.8966861598353151,0.83357663089513
patient114,es,False,0,0.9998372130879322,,,,
patient114,es,False,1,0.9808852155597249,,0.9162916291617381,0.9067524115719182,0.9115220203668282
patient114,es,False,2,0.9884505670352417,0.903595416829507,0.9485937982889165,0.8698023176491493,0.9073305109225243
patient114,es,False,3,0.9886659076618144,0.8322496748997652,0.9356388088367572,0.8715003589312886,0.8797962808892704
patient114,es,False,4,0.9902519222144925,0.7426580388215896,0.917661097851116,0.7413554633420377,0.8005582000049145
patient114,es,False,5,0.9924976351239534,0.7029876977111718,0.9114969299164604,0.7946074543949675,0.8030306940075332
patient114,es,False,6,0.9941984539747714,0.675449101788318,0.9114271457074459,0.8084054388083536,0.7984272287680391
patient114,es,False,7,0.991899684224827,0.4954545454432851,0.8855320577360095,0.8981429375301174,0.7597098469031374
patient114,es,False,8,0.9957871788827193,0.16438356163257645,0.9282720074500972,0.9428571428504082,0.6785042373110274
patient114,es,False,9,0.9973557899576069,,0.903597122299558,0.7736131933917,0.8386051578456291
patient114,es,False,10,0.9936405221464641,,0.7249357326440877,0.0,0.36246786632204386
patient115,ed,True,0,0.9939283754114652,0.9638225255959538,0.8825955457770619,0.9627969520372864,0.936405007803434
patient115,ed,True,1,0.9951128210458918,0.9693435023164807,0.9143126177002959,0.9691612649755075,0.9509391283307614
patient115,ed,True,2,0.9953014878620076,0.9639769452432205,0.9166872682301195,0.9719799591742958,0.9508813908825453
patient115,ed,True,3,0.9958900931356277,0.9572413793081443,0.8750359092189743,0.9641764176400285,0.932151235389049
patient115,ed,True,4,0.9948785250150451,0.925431455548924,0.8659999999971134,0.9750724637662318,0.9221679731040897
patient115,ed,True,5,0.9947692737515336,0.886294416239156,0.845609065152813,0.96294652762156,0.898283336337843
patient115,ed,True,6,0.9961110446330926,0.7928994082762041,0.8595555555517354,0.9628603104186174,0.8717717580821857
patient115,ed,True,7,0.9964553885326761,0.6227106226878127,0.8669438669393611,0.9676616915382767,0.8191053937218168
patient115,ed,True,8,0.998021402296149,,0.8131455398984682,0.9363128491515496,0.8747291945250089
patient115,ed,True,9,0.9999999999998644,,,,
patient115,es,False,0,0.9927198984577575,,0.802806499258483,0.9172385950709842,0.8600225471647336
patient115,es,False,1,0.9930801521708985,0.9476300372786302,0.9084836339325129,0.920610687019387,0.9255747860768433
patient115,es,False,2,0.9936093449172462,0.9330243337174206,0.9350441058521751,0.9541284403633252,0.9407322933109737
patient115,es,False,3,0.9949810800967378,0.9273813266239316,0.9041216662973239,0.9294489294456671,0.9203173074556409
patient115,es,False,4,0.9970082043055646,0.9491032476929273,0.9185401459827196,0.9693757361573341,0.9456730432776603
patient115,es,False,5,0.995415273343371,0.8338235294056338,0.8865912762491548,0.9610552763788912,0.8938233606778933
patient115,es,False,6,0.9956373208712055,0.7789001122247037,0.8592653735003745,0.9624329159178446,0.8668661338809743
patient115,es,False,7,0.9965256253152172,0.24413145538759945,0.8309859154884562,0.9713541666624508,0.6821571791795021
patient115,es,False,8,0.9984254182481375,,0.8737300435350238,0.9491803278610724,0.9114551856980482
patient115,es,False,9,0.9959690598103013,,0.0,0.0,0.0
patient116,ed,True,0,0.9535833411264452,0.807098491569109,0.46481876332374833,0.5128703253981891,0.5949291934303488
patient116,ed,True,1,0.9948617972143019,0.9603247831685545,0.8841594827562388,0.9439803439780247,0.9294882033009393
patient116,ed,True,2,0.994750094629792,0.9607091518903673,0.8740740740720507,0.9523596510826384,0.9290476256816854
patient116,ed,True,3,0.9948598206610896,0.9294680215154529,0.9041095890391905,0.9657085224383114,0.9330953776643183
patient116,ed,True,4,0.9961111548451553,0.9467301862237041,0.9273525109679978,0.9731720147265304,0.9490849039727441
patient116,ed,True,5,0.995267776467373,0.9031855090511981,0.8999695956190332,0.969782547300283,0.9243125506568383
patient116,ed,True,6,0.9961809941301737,0.8942774005732854,0.8828828828790953,0.9775317486129029,0.9182306773550946
patient116,ed,True,7,0.9961643676994897,0.8574938574833232,0.7811531308073084,0.9520795659993125,0.8635755180966481
patient116,ed,True,8,0.9969782575085386,0.8717105263014521,0.6404833836793506,0.8360655737619256,0.7827531612475761
patient116,ed,True,9,0.9999999999998644,,,,
patient116,es,False,0,0.9999999999998644,,,,
patient116,es,False,1,0.9892770568941981,,0.6984298862983301,0.815366972472389,0.7568984293853596
patient116,es,False,2,0.9960430147570728,0.9475083056446927,0.9326264634395126,0.9416475972486177,0.940594122110941
patient116,es,False,3,0.9952675533558623,0.8850787766409404,0.9180327868835549,0.918298446989073,0.9071366701711895
patient116,es,False,4,0.9955110391790095,0.7680763983576531,0.8903177004521742,0.8716216216157323,0.8433385734751866
patient116,es,False,5,0.9947883906908386,0.5794392523274231,0.8834459459440805,0.8730964466949678,0.7786605483221573
patient116,es,False,6,0.995854998169023,0.746268656697854,0.8946934286475263,0.8939179632185721,0.8449600161879841
patient116,es,False,7,0.9958717963418101,0.6119873816841644,0.8939664405537524,0.9196217493981133,0.8085251905453433
patient116,es,False,8,0.9970965130236751,0.0,0.8294083859803021,0.77599999996896,0.535136128649754
patient116,es,False,9,0.9999999999998644,,,,
patient117,ed,True,0,0.9543031620347161,0.2683956574177672,0.8190057676440017,0.9615996364451697,0.6830003538356463
patient117,ed,True,1,0.9924556622030667,0.9665786149064355,0.8980346820788485,0.9813158417799828,0.9486430462550889
patient117,ed,True,2,0.9916015854948802,0.9581514762503747,0.8939620226138384,0.9738555739129421,0.9419896909257184
patient117,ed,True,3,0.98987691245811,0.9316977131592735,0.8738408453722799,0.9802516940939203,0.9285967508751579
patient117,ed,True,4,0.9933382679494831,0.9448757763956815,0.9068897204470463,0.9840888622025576,0.9452847863484285
patient117,ed,True,5,0.9922932130551919,0.9448742746592242,0.8570724494803916,0.9772234273308272,0.9263900504901477
patient117,ed,True,6,0.9937858670920925,0.9440603394062098,0.8625438833355049,0.9772183763360891,0.927940866359268
patient117,ed,True,7,0.9929477225671273,0.908774978275809,0.8293897882913157,0.9655712050063137,0.9012453238578129
patient117,ed,True,8,0.9936276671785328,0.8803701255725026,0.7890838206596917,0.9468822170876395,0.8721120544399446
patient117,ed,True,9,0.9936676510675555,0.7672413792938094,0.6939226519298679,0.9138943248442868,0.7916861186893214
patient117,es,False,0,0.9428956576606231,,0.0,0.0063520871143087475,0.0031760435571543738
patient117,es,False,1,0.9942172323253501,,0.8438187417491337,0.9505703422039846,0.8971945419765592
patient117,es,False,2,0.9622001538567448,0.4059804485324727,0.9177927927910702,0.9795495728695579,0.7677742713977004
patient117,es,False,3,0.9839287614856168,0.8457564575624951,0.8914019027088649,0.9748639543910665,0.9040074382208089
patient117,es,False,4,0.9912866083467047,0.9110966904577836,0.8869499241257836,0.9699946893242565,0.9226804346359412
patient117,es,False,5,0.9933863541228978,0.8955665024586426,0.9001465354806361,0.9760978321276041,0.9239369566889609
patient117,es,False,6,0.9944117647057199,0.8976377952701536,0.8972484952689225,0.9677108433719395,0.9208657113036719
patient117,es,False,7,0.9931142902057863,0.7431192660482283,0.875502008029931,0.965503568594438,0.8613749475575325
patient117,es,False,8,0.9941688346638866,0.7192118226512412,0.8475628686716934,0.9477426235302249,0.8381724382843864
patient117,es,False,9,0.9933797222299078,,0.7386958591111914,0.8751974723400443,0.8069466657256179
patient118,ed,True,0,0.9928570233692446,0.9400773195861146,0.9008350730665428,0.9572780762318821,0.9327301562948466
patient118,ed,True,1,0.9940822416669206,0.9549334243752904,0.9010743061752439,0.9635607728027303,0.9398561677844216
patient118,ed,True,2,0.9943354103493729,0.9521595971316054,0.9122407111900792,0.9595765158783456,0.9413256080666766
patient118,ed,True,3,0.9967918597490203,0.9629629629605853,0.9265237292196422,0.9566815437097488,0.9487227452966588
patient118,ed,True,4,0.9964793199693929,0.9550917141019764,0.8878357029987747,0.9744533947043166,0.9391269372683558
patient118,ed,True,5,0.9961287125644963,0.9310465523243576,0.9167950693339106,0.977008385174528,0.9416166689442654
patient118,ed,True,6,0.9975666175983121,0.9591397849421113,0.8846153846105241,0.973745430372304,0.9391668666416465
patient118,ed,True,7,0.9966675964120147,0.9187432285974066,0.8393172454335532,0.9428294573597732,0.900296643796911
patient118,ed,True,8,0.9981581243333937,,0.7327478042568036,0.8891966758879613,0.8109722400723824
patient118,es,False,0,0.9754899745407609,,0.8991081382360672,0.9506765604498006,0.924892349342934
patient118,es,False,1,0.9943844631448625,0.9384653101227299,0.9286770140411518,0.9377394635970415,0.9349605959203077
patient118,es,False,2,0.9962258166823666,0.9572008747236577,0.9433183183165479,0.9387564282331055,0.9464252070911038
patient118,es,False,3,0.9960480410014209,0.9369614512429163,0.9225278185997847,0.9152371342032531,0.9249088013486514
patient118,es,False,4,0.9954590325763543,0.9010292953214488,0.8984198645572844,0.9570871261347299,0.9188454286711544
patient118,es,False,5,0.9969687372753326,0.8866498740498322,0.8598130841086559,0.9560830860505755,0.9008486814030211
patient118,es,False,6,0.9888421924942304,0.5123226288236571,0.8436363636312507,0.9750237116630572,0.7769942347059883
patient118,es,False,7,0.992064983305969,0.223999999996416,0.8554838709622228,0.9763313609426191,0.6852717439670859
patient118,es,False,8,0.998052092608944,,0.7928496319580142,0.9370165745752815,0.8649331032666479
patient119,ed,True,0,0.9903625986806688,0.9510238294803603,0.8063725490163138,0.947129566596444,0.9015086483643727
patient119,ed,True,1,0.9933340100834106,0.9724521644714718,0.7850311850279209,0.9587458745854811,0.9054097413616246
patient119,ed,True,2,0.994223341729472,0.9708351116788009,0.8729792147772403,0.9738519006790292,0.9392220757116901
patient119,ed,True,3,0.9940625976544804,0.9575215586059446,0.8632411067159556,0.9576783554994978,0.9261470069404659
patient119,ed,True,4,0.9944580487174581,0.9470372312516221,0.8677390527217707,0.9537462807656106,0.9228408549130012
patient119,ed,True,5,0.9950262675244809,0.956323742494398,0.8397917871553512,0.9625441696079062,0.9195532330858852
patient119,ed,True,6,0.9927698528415542,0.914431673050027,0.7485955056127206,0.9248120300702213,0.8626130695776563
patient119,ed,True,7,0.991484530229777,0.8233454924396908,0.4290998766901467,0.6617100371624217,0.6380518020974199
patient119,es,False,0,0.9999999999998644,,,,
patient119,es,False,1,0.988511100760598,0.9134502923958803,0.7949552481660092,0.9213872832316683,0.876597607931186
patient119,es,False,2,0.9917223215124021,0.9279515640748175,0.8808757244015426,0.9292929292879889,0.9127067392547831
patient119,es,False,3,0.9944237631101818,0.9613601236451279,0.851963746220705,0.946428571424124,0.9199174804299856
patient119,es,False,4,0.994557119834434,0.9174049728467637,0.9025297619014043,0.9609507640013529,0.9269618329165069
patient119,es,False,5,0.9948381737813352,0.9427312775295789,0.8567807351041117,0.9351927809603349,0.9115682645313418
patient119,es,False,6,0.9954099879818433,0.8906249999956513,0.8803634527971713,0.9119496855202524,0.894312712771025
patient119,es,False,7,0.995348320535291,0.824512534807458,0.6478555304667285,0.48598130836579617,0.6527831245466609
patient120,ed,True,0,0.9926260526196221,,0.8499328859037586,0.9645390070890892,0.9072359464964239
patient120,ed,True,1,0.9927324658836889,0.9420461265495504,0.8677091089578861,0.9578404610222693,0.9225318988432353
patient120,ed,True,2,0.9938303912704012,0.9591964846172029,0.8540268456351957,0.9537675606616762,0.9223302969713583
patient120,ed,True,3,0.9935782093440166,0.8792134831419512,0.8643147896849922,0.9664750957831263,0.9033344562033566
patient120,ed,True,4,0.9935251034920477,0.8163606009948552,0.8036378668838213,0.9558117194981849,0.8586033957922871
patient120,ed,True,5,0.9970266684962571,0.9250965250893816,0.8758278145659113,0.9657194406834332,0.9222145934462421
patient120,ed,True,6,0.9973312100970205,0.8856209150182088,0.8374524714789094,0.9388906298936419,0.88732133879692
patient120,ed,True,7,0.9946401010241344,,0.6688396349369699,0.8636363636270169,0.7662379992819934
patient120,ed,True,8,0.9999999999998644,,,,
patient120,es,False,0,0.996847553554787,,0.9121361889046894,0.9442970822231073,0.9282166355638983
patient120,es,False,1,0.992229673220353,0.9257525083550118,0.8743042671593825,0.9592215013857311,0.9197594256333751
patient120,es,False,2,0.9931336022414335,0.9254032258017874,0.8949471210319743,0.9656804733689717,0.9286769400675778
patient120,es,False,3,0.9940270450547277,0.8479834539726165,0.8601206801951177,0.959695334811299,0.8892664896596778
patient120,es,False,4,0.9933599726673015,0.12707182320090962,0.8826114249815361,0.9584061516918616,0.6560297999581025
patient120,es,False,5,0.9944753022245828,0.5625965996821856,0.866886688665688,0.9377483443677558,0.7890772109052097
patient120,es,False,6,0.9961847505634724,0.0,0.8510460251010417,0.8914926133423765,0.5808462128144728
patient120,es,False,7,0.9952872562432115,,0.7421013960268766,0.0,0.3710506980134383
patient120,es,False,8,0.9999999999998644,,,,
patient121,ed,True,0,0.979105514546074,0.8825622775790896,0.8391566265034965,0.9627701119475065,0.8948296720100309
patient121,ed,True,1,0.9912089083060737,0.9705516383233402,0.8844555278445984,0.9736084452951689,0.9428718704877025
patient121,ed,True,2,0.9921977052072388,0.9661129568095612,0.8762499999972617,0.9707095709550935,0.9376908425873055
patient121,ed,True,3,0.9908412541766668,0.9526209677407351,0.8076152304582245,0.9620956538976739,0.907443950698878
patient121,ed,True,4,0.994911872297806,0.9429577464772131,0.8188920454516375,0.9622937941850701,0.9080478620379736
patient121,ed,True,5,0.9948631498590953,0.9268175252746105,0.8252344415992104,0.9652793745666469,0.9057771138134892
patient121,ed,True,6,0.9904513755841842,0.8360170883968583,0.730303030299342,0.9358381502863127,0.8340527563275043
patient121,ed,True,7,0.9950670934020914,0.8699763593329198,0.7315257841534741,0.8985791278740883,0.8333604237868274
patient121,es,False,0,0.9710122677979413,,,,
patient121,es,False,1,0.9853210398427279,0.8985774499461294,0.9300966509307034,0.9431605246661889,0.9239448751810073
patient121,es,False,2,0.9917428778207462,0.9551443375263432,0.9068549305376752,0.9440089585613438,0.9353360755417874
patient121,es,False,3,0.9920279104646323,0.9526527871038404,0.8791636275203522,0.9422413793062835,0.9246859313101586
patient121,es,False,4,0.9937305053024028,0.9336246927043605,0.8815368196347878,0.9204183719830814,0.9118599614407432
patient121,es,False,5,0.9947260693527864,0.8864353312256235,0.8866811549180793,0.9102870813342687,0.8944678558259905
patient121,es,False,6,0.99407149084554,0.8021978021915056,0.860128617359887,0.9092495636918915,0.857191994414428
patient121,es,False,7,0.9954410918934204,0.0,0.8999999999952129,0.7942028985277042,0.5647342995076391
patient122,ed,True,0,0.9858998277839793,0.950006737635157,0.7201109570021633,0.9376257545258154,0.8692478163877119
patient122,ed,True,1,0.9947291570210843,0.9678672316367093,0.871395881004871,0.9538216560496897,0.9310282562304234
patient122,ed,True,2,0.9946906376489872,0.9559838210779064,0.8818930910608876,0.9612844749437249,0.9330537956941729
patient122,ed,True,3,0.994973671613042,0.9458689458659517,0.8894992605094243,0.9645969498897541,0.9333217187550433
patient122,ed,True,4,0.9944168938222939,0.9240069084588773,0.8731291733804442,0.9593258791104208,0.918820653649914
patient122,ed,True,5,0.9948065679809376,0.8742352141340978,0.8636513700862871,0.96745321399315,0.901779932737845
patient122,ed,True,6,0.9958621513823708,0.86323713926144,0.8189177673591014,0.9486404833810804,0.8769317966672073
patient122,ed,True,7,0.9965129794651806,0.05172413792657551,0.7389265242275199,0.859421734791329,0.5500241323151415
patient122,ed,True,8,0.9982807707647134,,0.828220858887237,0.0,0.4141104294436185
patient122,es,False,0,0.9860863791384744,,0.7194656488526735,0.8920796665102083,0.8057726576814409
patient122,es,False,1,0.991943183531098,0.9285884881754751,0.8706347463191948,0.937771893321472,0.9123317092720473
patient122,es,False,2,0.9942186788921111,0.914223669921514,0.9017943276077527,0.9519161243655967,0.9226447072982878
patient122,es,False,3,0.9897801074735454,0.8356997971568532,0.8492890995244563,0.9413754227716247,0.875454773150978
patient122,es,False,4,0.9951224147212817,0.8641509433907916,0.8635626592521113,0.9270588235274287,0.8849241420567772
patient122,es,False,5,0.9936789257196659,0.8175026680809231,0.805357142854746,0.9149258250047989,0.8459285453134893
patient122,es,False,6,0.9970805275587934,0.8153846153689349,0.821044831416002,0.8874680306867542,0.8412991591572304
patient122,es,False,7,0.9959899891927371,,0.7388096409211077,0.8183807439765254,0.7785951924488166
patient122,es,False,8,0.9976693191376484,,0.5744680850995926,0.4851752021432567,0.5298216436214247
patient123,ed,True,0,0.9448737764037803,,,,
patient123,ed,True,1,0.9890661287313338,0.9249676584722833,0.9029395451999365,0.9550132313997206,0.9276401450239801
patient123,ed,True,2,0.9934162399413126,0.9606903163934792,0.877935633514416,0.9558481797031866,0.9314913765370273
patient123,ed,True,3,0.9944184545892896,0.9480381760319236,0.89131111802899,0.9616998950656829,0.9336830630421988
patient123,ed,True,4,0.9961890007744391,0.9528432732283189,0.8752800597428108,0.9607300884929184,0.9296178071546827
patient123,ed,True,5,0.997041688048873,0.9376754632176436,0.8899755501186228,0.9577029947485097,0.9284513360282588
patient123,ed,True,6,0.9973777888459345,0.9178852643316323,0.8579387186589696,0.9339388934726097,0.9032542921544039
patient123,ed,True,7,0.9958015594206444,0.8324324324174336,0.7765897580147632,0.921167883204955,0.8433966912123839
patient123,es,False,0,0.9877533088032034,,,,
patient123,es,False,1,0.996358744132168,,0.9066071926375617,0.9510807736009609,0.9288439831192613
patient123,es,False,2,0.9923579401317555,0.9176090468479047,0.9141552511394654,0.8987915407787102,0.9101852795886934
patient123,es,False,3,0.9912354312352772,0.8775673512913376,0.913015042509455,0.8272552783030015,0.8726125573679314
patient123,es,False,4,0.9923154428017817,0.8059981255819776,0.9146429430129487,0.8017057569210906,0.8407822751720057
patient123,es,False,5,0.9955934280793481,0.7862232779004011,0.8748241912774267,0.6976160602170939,0.7862211764649739
patient123,es,False,6,0.997810501008744,0.7094972066840922,0.9275053304871091,0.8478581979195294,0.8282869116969103
patient123,es,False,7,0.9984577853796655,0.7173913043088374,0.9305625950282284,0.7836734693557684,0.8105424562309448
patient124,ed,True,0,0.958978280819676,0.31668437832009383,0.7489754098322287,0.9483282674736007,0.6713293518753076
patient124,ed,True,1,0.9737582305182871,0.7259259259245816,0.8360598677311658,0.9517863336768929,0.8379240424442135
patient124,ed,True,2,0.9832966674813032,0.8634577603129282,0.8328671328642208,0.9678939617055438,0.8880729516275642
patient124,ed,True,3,0.9866792293445228,0.8991412695724884,0.7308108108081773,0.9160879629603123,0.8486800144469927
patient124,ed,True,4,0.9884259259257693,0.9177177177158805,0.7013916500966147,0.9008264462781284,0.8399786046968746
patient124,ed,True,5,0.9949959594702252,0.9130643611889696,0.6936776491509632,0.9178451178420275,0.8415290427273202
patient124,ed,True,6,0.9893400552736373,0.9228971962589869,0.5209490156460326,0.8408262454400939,0.7615574857817045
patient124,ed,True,7,0.9954286392779336,0.9241329479735401,0.8627232142809,0.9598214285660724,0.9155591969401708
patient124,ed,True,8,0.9914125986973386,0.8020078081383045,0.6125995655277872,0.8452173912969981,0.7532749216543633
patient124,ed,True,9,0.990206206867916,0.0,0.4475138121423339,0.6834170853927931,0.3769769658450423
patient124,es,False,0,0.9745187493044155,0.0,,,0.0
patient124,es,False,1,0.9511985397274132,0.0036585365853546996,0.8315837517077518,0.9024390243856584,0.579227104226255
patient124,es,False,2,0.9837092534586777,0.8354620586009852,0.8884881274394696,0.9313471502530354,0.8850991120978301
patient124,es,False,3,0.9873469516223935,0.8665721806016065,0.8398791540762431,0.8405977584007436,0.8490163643595311
patient124,es,False,4,0.9939397677680467,0.9261133603215432,0.8625827814545735,0.7889485801934847,0.8592149073232004
patient124,es,False,5,0.9924039186132642,0.8926089703067195,0.7459349593470667,0.8015873015809398,0.813377077078242
patient124,es,False,6,0.9929766577152016,0.9101899827249129,0.749255952378165,0.7115789473609307,0.790341627488003
patient124,es,False,7,0.9960251499601076,0.8791334093450449,0.9063470927611792,0.8619402984913817,0.882473600199202
patient124,es,False,8,0.996295096285095,0.7921568627373318,0.9128065395033188,0.8379446639985002,0.8476360220797169
patient124,es,False,9,0.9999999999998644,,,,
patient125,ed,True,0,0.9898615745691585,0.8954895489532536,0.8246696035205963,0.9421536635985104,0.8874376053574533
patient125,ed,True,1,0.9958550221706517,0.9633649932138721,0.8270223752115877,0.9367658085455217,0.9090510589903271
patient125,ed,True,2,0.9911294904979812,0.8954351248012246,0.7824897400785112,0.9485530546598377,0.8754926398465246
patient125,ed,True,3,0.9922351636160424,0.8896591565543338,0.7852216748729792,0.9519230769202166,0.8756013027825099
patient125,ed,True,4,0.9916090447566335,0.8692138133693269,0.7532321528906508,0.9522136331660147,0.8582198664753308
patient125,ed,True,5,0.9925797747534912,0.8861024033391531,0.6093749999960327,0.881112176409966,0.7921965265817174
patient125,ed,True,6,0.9949251603704926,0.8380797396188928,0.7146919431211878,0.9273570324503296,0.8267095717301367
patient125,ed,True,7,0.9946356106508152,0.5631469979179473,0.6170500676506488,0.9309090908921652,0.703702052153587
patient125,es,False,0,0.9999999999998644,,,,
patient125,es,False,1,0.9902695852880671,0.8732542819476331,0.8323098724570982,0.910398953558467,0.8719877026543994
patient125,es,False,2,0.993540952785124,0.8866528558718951,0.825018076641992,0.9023941068084568,0.871355013107448
patient125,es,False,3,0.9958346969740568,0.8885941644523051,0.8998435054737878,0.9431279620797208,0.9105218773352712
patient125,es,False,4,0.9946825605514661,0.8344615384564034,0.8908606920989758,0.9333333333266428,0.8862185212940074
patient125,es,False,5,0.994205132596701,0.7489626555938904,0.7569634079696507,0.7623421354677113,0.7560893996770842
patient125,es,False,6,0.995712230617607,0.6632996632884967,0.8453947368351531,0.8401253918231936,0.7829399306489478
patient125,es,False,7,0.9975411179715593,,0.5176991150327943,0.47222222215663584,0.4949606685947151
patient126,ed,True,0,0.9796159259089633,0.8789932236188209,0.46387832699178827,0.6293706293662282,0.6574140599922792
patient126,ed,True,1,0.9933879591254084,0.9437645236236347,0.717948717944228,0.9324104234489723,0.8647078883389451
patient126,ed,True,2,0.9948808976653415,0.9526011560677909,0.7734241907962895,0.9378330372968461,0.8879527947203089
patient126,ed,True,3,0.9963242224315118,0.963903500814504,0.7968369829635229,0.9522500858778693,0.9043301898852988
patient126,ed,True,4,0.9959256468994948,0.9624252775385089,0.7349570200520419,0.9321058688111542,0.8764960554672351
patient126,ed,True,5,0.9948854062596373,0.9375158107742537,0.7432950191499685,0.9340527577881652,0.8716211959041292
patient126,ed,True,6,0.992566453590809,0.9057363300875353,0.48214285713670735,0.8298653610669539,0.7392481827637322
patient126,ed,True,7,0.9930182524809504,0.7637540453025,,,0.7637540453025
patient126,es,False,0,0.9999999999998644,,,,
patient126,es,False,1,0.9854688769215402,0.8668543845517561,0.5835929387270655,0.7954372623513656,0.7486281952100624
patient126,es,False,2,0.994878011819822,0.9314697926038515,0.8199999999960953,0.9201331114732103,0.8905343013577189
patient126,es,False,3,0.9957505593343551,0.9383634431430968,0.7848605577650156,0.8727005150781995,0.8653081719954372
patient126,es,False,4,0.9950644567217687,0.9129526462363755,0.8089635854296418,0.9030100334372659,0.8749754217010944
patient126,es,False,5,0.9963498947909426,0.910227780254979,0.7832898172255589,0.8475991649092359,0.8470389207965913
patient126,es,False,6,0.9934342869913677,0.7661064425716659,0.684124386240849,0.6095238094657597,0.6865848794260915
patient126,es,False,7,0.9939551067747843,,,,
patient127,ed,True,0,0.9662093909868412,0.7879446947323475,0.5549132947950149,0.8960125097709252,0.7462901664327625
patient127,ed,True,1,0.9734051506478753,0.8068657549528232,0.7904284060177907,0.9427757070797133,0.8466899560167757
patient127,ed,True,2,0.9942735877655213,0.9536959553682655,0.8310679611618211,0.960729008459621,0.9151643083299025
patient127,ed,True,3,0.9942410191249329,0.960446570971355,0.857598723570572,0.9609195402276761,0.9263216115898677
patient127,ed,True,4,0.9919529012748985,0.9578256794733687,0.7441860465081667,0.9480728051366486,0.883361510372728
patient127,ed,True,5,0.9915241081683704,0.9356069104758008,0.647058823525821,0.9236315961949406,0.8354324433988541
patient127,ed,True,6,0.9918388817913892,0.9484480431823255,0.5514905149014127,0.882703777331597,0.7942141118051117
patient127,ed,True,7,0.9908743264382365,0.8624052004302549,0.324324324320953,0.7055150884421902,0.6307482043977993
patient127,ed,True,8,0.9936058209077263,0.7985611510695616,,,0.7985611510695616
patient127,ed,True,9,0.9999999999998644,,,,
patient127,es,False,0,0.9693004529440015,0.0,,,0.0
patient127,es,False,1,0.9767331883096919,0.762140208368776,0.800995024872301,0.9047404063164572,0.8226252131858448
patient127,es,False,2,0.992796603431394,0.9297646847477461,0.8658069013563409,0.916424116420306,0.9039985675081309
patient127,es,False,3,0.9916472081614469,0.933333333331273,0.7995674116770023,0.9070034443134061,0.8799680631072272
patient127,es,False,4,0.9918193866823589,0.9325115562374962,0.7698319656085587,0.9232792634768817,0.8752075951076455
patient127,es,False,5,0.9916573722951905,0.9113448534901903,0.7071393880490183,0.8785471055568755,0.8323437823653613
patient127,es,False,6,0.9911178729260319,0.8901408450662435,0.5973236009696027,0.7689030883837178,0.7521225114731879
patient127,es,False,7,0.9915055529813416,0.7311827956936834,0.47409326424256354,0.7041420118134869,0.6364726905832446
patient127,es,False,8,0.9999999999998644,,,,
patient127,es,False,9,0.9999999999998644,,,,
patient128,ed,True,0,0.9934804863591312,0.9702838063428265,0.8938640132645278,0.9724568490617472,0.9455348895563672
patient128,ed,True,1,0.99453303756991,0.9691798267944866,0.8811188811163138,0.9709111924465982,0.9404033001191329
patient128,ed,True,2,0.9954296468056264,0.9666608483139001,0.9088260996186751,0.9746634996021879,0.9500501491782544
patient128,ed,True,3,0.9936785604576992,0.9509853461320087,0.8525377229051696,0.9726054789022743,0.9253761826464842
patient128,ed,True,4,0.9965393608727987,0.93844452635113,0.8533333333296631,0.9718061673987405,0.9211946756931778
patient128,ed,True,5,0.9969072164946943,0.9505247376264342,0.8250384812682143,0.960188580406076,0.911917266433575
patient128,ed,True,6,0.9974813296235178,0.9166666666579862,0.8498759305158197,0.959566787000146,0.9087031280579839
patient128,ed,True,7,0.9973021455709992,0.29850746264201383,0.7853323147380801,0.9517684887398601,0.6785360887066513
patient128,ed,True,8,0.9991094060422007,,0.7931034482587693,0.888888888857029,0.8409961685578992
patient128,es,False,0,0.970552507016159,,,,
patient128,es,False,1,0.992286321294167,0.9500520291346687,0.8786511517433421,0.9238578680166972,0.9175203496315693
patient128,es,False,2,0.9932195764643799,0.9229309935951555,0.9111714507352382,0.9333963155364507,0.9224995866222815
patient128,es,False,3,0.9957585337985388,0.942254812096113,0.9247519961264826,0.9328941951381932,0.9333003344535963
patient128,es,False,4,0.9971987098921886,0.9364218826962227,0.8869873118887962,0.9114147201370145,0.9116079715740112
patient128,es,False,5,0.9973877237774699,0.9418521177247534,0.8821621621589832,0.9051580698785072,0.9097241165874146
patient128,es,False,6,0.9979567050080735,0.9214175654711646,0.8792041686362899,0.8626653102658935,0.8877623481244493
patient128,es,False,7,0.9969099716050057,0.4210526315512465,0.7981438515019479,0.8792710705950052,0.6994891845493999
patient128,es,False,8,0.9999999999998644,,,,
patient129,ed,True,0,0.947884391547247,0.16633093525131992,0.7772483621179951,0.9460651288993452,0.6298814754228867
patient129,ed,True,1,0.9883600528437555,0.9448984356748249,0.8059210526289279,0.9636542239669882,0.9048245707569137
patient129,ed,True,2,0.9852512616388895,0.9343692022252615,0.7262785461539844,0.9368770764103219,0.8658416082631892
patient129,ed,True,3,0.9862082060309347,0.9512325830641061,0.6954746512395527,0.9458456973276227,0.8641843105437604
patient129,ed,True,4,0.9884097035038767,0.9335053023775673,0.6547849670644914,0.9199417758350594,0.836077348425706
patient129,ed,True,5,0.974351594230552,0.6821561338277283,0.3255369928385416,0.7924629878848117,0.6000520381836939
patient129,ed,True,6,0.9916062975452592,0.9062253743081004,0.7256208358526613,0.9492787342906037,0.8603749814837883
patient129,ed,True,7,0.9939212813183139,0.9050445103823997,0.7308411214884969,0.9545014520720766,0.8634623613143244
patient129,es,False,0,0.9905858350333736,,0.7522123893775052,0.8810068649851983,0.8166096271813518
patient129,es,False,1,0.9517478362796937,0.49464831804186804,0.8076812840332254,0.9128205128171691,0.7383833716307541
patient129,es,False,2,0.989144981412476,0.950650118201905,0.820065430750218,0.9541019154284276,0.9082724881268502
patient129,es,False,3,0.9902240987331943,0.9253421098199803,0.8852097130218399,0.9436568520503684,0.9180695582973962
patient129,es,False,4,0.9896415861716781,0.9082444228886358,0.7775811209416591,0.8334077713227629,0.8397444383843525
patient129,es,False,5,0.9803394945302181,0.6322277663615139,0.36081632652913953,0.571428571424991,0.5214908881052148
patient129,es,False,6,0.9914977298358844,0.8693126815059569,0.7607105538100277,0.8067796610032749,0.8122676321064198
patient129,es,False,7,0.9955533111698867,0.8203921568563107,0.7889908256800306,0.6557377048822001,0.7550402291395137
patient130,ed,True,0,0.9364167509872154,0.04217022370778563,0.8494231936829101,0.9645228609353738,0.6187054261086898
patient130,ed,True,1,0.9924880973371553,0.9682164433924767,0.8879559170798007,0.9747899159646437,0.9436540921456403
patient130,ed,True,2,0.9943766430472337,0.9704207748910284,0.9061070755961633,0.977843976911231,0.9514572757994743
patient130,ed,True,3,0.9940590002729798,0.9644970414186165,0.8869890462172403,0.9737317024243559,0.9417392633534042
patient130,ed,True,4,0.993778073531693,0.9663697509526152,0.8656447249748553,0.9749478079311588,0.9356540946195432
patient130,ed,True,5,0.9916106041961374,0.9606879606856003,0.7949400798908292,0.9604907975436553,0.9053729460400283
patient130,ed,True,6,0.9943696829078122,0.9539078156280765,0.8374676045877917,0.9648241206001631,0.9187331802720106
patient130,ed,True,7,0.9944236246438324,0.9167446211369656,0.84283848497674,0.9701897018932629,0.9099242693356562
patient130,ed,True,8,0.9947785615590147,0.8701957940473518,0.8004574042264125,0.9560975609704278,0.8755835864147307
patient130,ed,True,9,0.9953583027834857,0.0,0.754850088176765,0.8988439306228491,0.5512313395998714
patient130,es,False,0,0.9999999999998644,,,,
patient130,es,False,1,0.9930283416257918,,0.8331062670271352,0.9281684843891381,0.8806373757081367
patient130,es,False,2,0.9677683994634428,0.45136186770302567,0.8730842911856488,0.8984040482643114,0.7409500690509953
patient130,es,False,3,0.9943892403517712,0.9650349650330369,0.9301086288154743,0.9545647558345879,0.9499027832276997
patient130,es,False,4,0.9953603660860246,0.95974155069344,0.9362808842632504,0.9517177344431211,0.9492467231332705
patient130,es,False,5,0.9922150139016077,0.9262941378096459,0.8801345183740569,0.9109014675004671,0.9057767078947233
patient130,es,False,6,0.993734636368938,0.9057564951558545,0.868895966027418,0.8743169398838851,0.8829898003557193
patient130,es,False,7,0.9963744810243559,0.9021645021566913,0.9036903690341924,0.8564593301332959,0.88743806710806
patient130,es,False,8,0.9968726348407048,0.7496159754109122,0.9085148514815504,0.7923809523658594,0.816837259752774
patient130,es,False,9,0.9984973186096753,,0.8319559228573742,0.2745098038946559,0.5532328633760151
patient131,ed,True,0,0.9513217112408479,0.5860392156853552,0.8546724309915043,0.974972453957225,0.8052280335446947
patient131,ed,True,1,0.9862304777745151,0.9376881061186738,0.8317986494756544,0.96781173924673,0.9124328316136859
patient131,ed,True,2,0.9903917757958134,0.9462613825818311,0.8973340896174211,0.9817637452354631,0.9417864058115718
patient131,ed,True,3,0.9916996462716717,0.9392737259674409,0.8622792937371998,0.972242197611143,0.924598405771928
patient131,ed,True,4,0.993082737211332,0.9382994732864216,0.8824520040387928,0.9761789013110093,0.9323101262120747
patient131,ed,True,5,0.9929192406327533,0.9069129024185003,0.8685885436133711,0.9708968521065712,0.9154660993794809
patient131,ed,True,6,0.9949590227306333,0.9212202480693221,0.8904847396728435,0.9742656615519255,0.9286568830980304
patient131,ed,True,7,0.9952127341270728,0.8955895589518651,0.8435530085911545,0.9626328419576187,0.9005918031668795
patient131,ed,True,8,0.9953229716239848,0.8200212992457931,0.6889580093259025,0.9482884195123942,0.8190892426946966
patient131,ed,True,9,0.9967999562385815,,0.4068627450880671,0.8673469387312578,0.6371048419096624
patient131,es,False,0,0.989144024639254,,0.8218668650025219,0.9620202823603857,0.8919435736814538
patient131,es,False,1,0.9867436997127235,0.9174694090068766,0.8433520876492646,0.9678039404117127,0.9095418123559513
patient131,es,False,2,0.9884506197871761,0.9159999999986914,0.9096916299534425,0.9810433965204747,0.9355783421575362
patient131,es,False,3,0.9925204918031092,0.945278784738572,0.8913242009105288,0.9776683087011862,0.9380904314500956
patient131,es,False,4,0.9938534435625187,0.934705017843933,0.8919279519650036,0.9764621968598851,0.9343650555562739
patient131,es,False,5,0.9934958573857811,0.9067631505680301,0.8847470521077035,0.9686350854402582,0.9200484293719974
patient131,es,False,6,0.9952142868062634,0.9171717171680115,0.854708138044931,0.9591778475564968,0.9103525675898131
patient131,es,False,7,0.9961734693876074,0.8989958653225104,0.8655256723674057,0.9547934528411739,0.9064383301770299
patient131,es,False,8,0.9928933435260069,0.0065573770489653314,0.7982456140300862,0.9201009251394442,0.5749679720728319
patient131,es,False,9,0.9945999018162611,,0.0,0.0,0.0
patient132,ed,True,0,0.9935144350144548,0.9695937090419796,0.8845789971596865,0.9706477732781242,0.9416068264932634
patient132,ed,True,1,0.9935433451796526,0.974521452143928,0.8860302414784789,0.9702970297017542,0.9436162411080536
patient132,ed,True,2,0.9950939419266281,0.9678402682503158,0.8928651308412148,0.96528321586927,0.9419962049869336
patient132,ed,True,3,0.9910296549053733,0.9313201988566906,0.8728662420359927,0.9741952646967622,0.9261272351964819
patient132,ed,True,4,0.9927603489881377,0.9438256658572789,0.8669527896970903,0.9734151329229135,0.9280645294924277
patient132,ed,True,5,0.9947314669215565,0.9431779516810372,0.8673218673192036,0.9726308587051443,0.927710225901795
patient132,ed,True,6,0.9943972808962808,0.9114719748511709,0.8403171007895798,0.9693899092232017,0.9070596616213175
patient132,ed,True,7,0.9954534648756396,0.8561020036351904,0.8576923076881842,0.9747381392453027,0.8961774835228925
patient132,ed,True,8,0.9957609035817526,0.7604166666468641,0.7150610583397893,0.9211195928694585,0.798865772618704
patient132,ed,True,9,0.9960355282967972,,0.5423076923024779,0.35932203388612466,0.4508148630943013
patient132,es,False,0,0.9565904251663995,0.48039215686172126,0.8864618885076532,0.9533177205293469,0.7733905886329072
patient132,es,False,1,0.9923252659382823,0.9569945625293179,0.8975069252058439,0.9688671086754557,0.9411228654702057
patient132,es,False,2,0.9931007573202929,0.9589519650638272,0.9003511852482433,0.9725368063406391,0.9439466522175698
patient132,es,False,3,0.9937650045767641,0.9475864926435724,0.866548493287246,0.9655465759237692,0.9265605206181959
patient132,es,False,4,0.9944223107568071,0.9477029760157536,0.8833652007624054,0.9726672950031846,0.9345784905937812
patient132,es,False,5,0.9938884644765417,0.879595588231252,0.8987043580656693,0.9699474079621151,0.9160824514196788
patient132,es,False,6,0.9936377991382678,0.8552544613294432,0.8419570573712004,0.9688781664632838,0.8886965617213091
patient132,es,False,7,0.9946912545402282,0.7869955156862445,0.8223823654055855,0.956381260093068,0.8552530470616326
patient132,es,False,8,0.9929199321433689,0.0,0.5130208333299934,0.7106227106140339,0.4078811813146757
patient132,es,False,9,0.9977655009800269,,0.75297225890683,0.0,0.376486129453415
patient133,ed,True,0,0.9541825873360819,0.0,0.8491228070155576,0.9670743179668777,0.6053990416608118
patient133,ed,True,1,0.9899130434780696,0.9398821218062346,0.893967093233789,0.9766228554219156,0.9368240234873131
patient133,ed,True,2,0.9919954040595573,0.9550527903454675,0.8568343770225506,0.9663316092505452,0.926072925539521
patient133,ed,True,3,0.9908137700656973,0.9241948153948857,0.8878887070358268,0.9792152489090751,0.9304329237799291
patient133,ed,True,4,0.9935908976342143,0.945495495493366,0.8758589097552087,0.9724829351525464,0.9312791134670403
patient133,ed,True,5,0.9899998260837598,0.9246767847079127,0.791636275222972,0.9527927085756569,0.8897019228355139
patient133,ed,True,6,0.9899513451151182,0.8587278106477119,0.8219246031725647,0.9541974105513654,0.8782832747905474
patient133,ed,True,7,0.9935691318326393,0.896653543302674,0.7966244725715989,0.9407783417918015,0.8780187858886914
patient133,ed,True,8,0.9914485775474291,0.8450704225289469,0.6581165261976617,0.8822449514794591,0.795143966735356
patient133,ed,True,9,0.9957061622372932,0.7854889589781469,0.8388625592377306,0.9326171874954462,0.8523229019037745
patient133,es,False,0,0.9913296647042182,,0.7847139805345723,0.9478794802214081,0.8662967303779903
patient133,es,False,1,0.9907750096667236,0.9631249999984951,0.8618029534915984,0.9700542324911929,0.9316607286604288
patient133,es,False,2,0.987339924842025,0.9362303479934001,0.8570254724715345,0.974108101657351,0.9224546407074286
patient133,es,False,3,0.9912167952011941,0.9314755596141355,0.9027718550087361,0.9835724201747066,0.9392732782658594
patient133,es,False,4,0.9948376935863165,0.9581181870311012,0.8936806148571869,0.9715915844514779,0.941130128779922
patient133,es,False,5,0.9911456111915055,0.8904694167820396,0.844295302011534,0.9613076235462121,0.8986907807799286
patient133,es,False,6,0.9946133509581966,0.9351376574851371,0.8429295255623148,0.9448163022446158,0.9076278284306892
patient133,es,False,7,0.9945903567226979,0.8901960784255544,0.8542105263135416,0.936621241615971,0.8936759487850222
patient133,es,False,8,0.9903584154263871,0.8489634748188651,0.6626984126962212,0.8291335864658987,0.7802651579936617
patient133,es,False,9,0.9954226514182613,0.8311688311472424,0.6869782971590694,0.6321656050905083,0.7167709111322734
patient134,ed,True,0,0.9881978371849114,,,,
patient134,ed,True,1,0.9560193707341967,,,,
patient134,ed,True,2,0.9848222747031417,,0.8648212845985896,0.9589230238144325,0.9118721542065111
patient134,ed,True,3,0.990903321345301,0.9244353880099772,0.9274649618860894,0.9582076691040147,0.9367026730000271
patient134,ed,True,4,0.9947339691100738,0.9595838335314935,0.9084290114788339,0.9648451096381314,0.9442859848828196
patient134,ed,True,5,0.9944470886877687,0.9691093573822568,0.8835657974503227,0.970657672846642,0.9411109425597405
patient134,ed,True,6,0.9952300306084438,0.9611623358453167,0.8769448373377761,0.9668918918886255,0.9349996883572395
patient134,ed,True,7,0.9971337094067698,0.956245589269738,0.8785276073583701,0.9513816019553992,0.9287182661945025
patient134,ed,True,8,0.9968318825130282,0.9370254577894729,0.9062832800803713,0.9646146388707484,0.9359744589135309
patient134,ed,True,9,0.9966575866890972,0.9217134416498193,0.8699551569457963,0.9539539539491795,0.9152075175149316
patient134,ed,True,10,0.9978135048230086,0.926898509574685,0.8490718321158268,0.8977375565529617,0.8912359660811578
patient134,es,False,0,0.9999999999998644,,,,
patient134,es,False,1,0.9943804899338488,,,,
patient134,es,False,2,0.9610799537805483,,,,
patient134,es,False,3,0.9962651865190953,,0.9228325011327216,0.9449715369959205,0.933902019064321
patient134,es,False,4,0.9926561934863436,0.9197458225443169,0.9328046744554824,0.9178832116704574,0.9234779028900856
patient134,es,False,5,0.9939890288185129,0.9232621125461232,0.9279486002732263,0.9429429429358639,0.9313845519184044
patient134,es,False,6,0.9932829046897136,0.9275720164570882,0.8848234990958908,0.9141989369710388,0.908864817508006
patient134,es,False,7,0.9955140964319249,0.9221076746797131,0.9162735849029592,0.9463722397401706,0.9282511664409476
patient134,es,False,8,0.9972348095491731,0.9365768896530272,0.911328266373828,0.8879892037666938,0.9119647865978497
patient134,es,False,9,0.997769816261493,0.9163498098772211,0.9133528673046741,0.867684478360462,0.8991290518474524
patient134,es,False,10,0.9983033022504385,0.8502772643096067,0.9228855721335643,0.8181818181508265,0.8637815515313324
patient135,ed,True,0,0.9601394615976131,0.0,0.8820029747127367,0.9698581560271405,0.617287043579959
patient135,ed,True,1,0.982456803659688,0.9531680440759415,0.7798631044363439,0.9695730607324478,0.9008680697482444
patient135,ed,True,2,0.9887357316131056,0.9714139867266828,0.8416988416969301,0.9730510105859322,0.9287212796698484
patient135,ed,True,3,0.9914598982532294,0.9629173719018881,0.8585173846471496,0.9752650176666561,0.9322332580718978
patient135,ed,True,4,0.9931795809307775,0.942533153947833,0.8607363366090539,0.9732929515405103,0.9255208140324657
patient135,ed,True,5,0.9915646258501716,0.8903381642490572,0.8863074641599449,0.9756748739232043,0.9174401674440688
patient135,ed,True,6,0.9948374358723772,0.949648711941014,0.8677305923698466,0.9560530679913847,0.9244774574340817
patient135,ed,True,7,0.9939598562754005,0.8988095238061801,0.8879478827332641,0.9529688418549296,0.9132420827981246
patient135,ed,True,8,0.9862909479288672,,0.9066147859886903,0.951861042178899,0.9292379140837946
patient135,ed,True,9,0.999178215753047,,0.9158600148852133,0.9084745762557885,0.9121672955705009
patient135,es,False,0,0.991222084367092,,0.8055710306384246,0.9568752209244311,0.8812231257814278
patient135,es,False,1,0.98805241521053,,0.842272727270813,0.9678750368391278,0.9050738820549704
patient135,es,False,2,0.9749776429534142,0.7913290113436157,0.8495767310595842,0.9720514253759474,0.8709857225930491
patient135,es,False,3,0.9884924798878999,0.8911704312096691,0.8902795160598868,0.9660081348039424,0.9158193606911661
patient135,es,False,4,0.9921999525212819,0.8983770287118642,0.8981132075451762,0.9634849455461828,0.9199917272677411
patient135,es,False,5,0.9895047502195233,0.8395407448870358,0.8927381745483173,0.9518816700974502,0.8947201965109345
patient135,es,False,6,0.9947084977141658,0.856205576813252,0.8975654570489261,0.9304987735052317,0.8947566024558032
patient135,es,False,7,0.9954500256122887,0.8003748828416085,0.8783366114052309,0.918621700876398,0.8657777317077459
patient135,es,False,8,0.9939946458286675,,0.8488045007002504,0.94221698112652,0.8955107409133851
patient135,es,False,9,0.9962527964204424,,0.7645687645643091,0.7235772357576509,0.74407300016098
patient136,ed,True,0,0.9589284655957805,,0.5930656934279513,0.49060336300571067,0.541834528216831
patient136,ed,True,1,0.9868379927068959,0.910149750414459,0.7719676549844422,0.9414147709552175,0.874510725451373
patient136,ed,True,2,0.99130557965736,0.9405236691504413,0.8592765460890098,0.9615438011926121,0.9204480054773544
patient136,ed,True,3,0.9938368327586278,0.9592833876201969,0.8795860771381007,0.9744597249495166,0.9377763965692715
patient136,ed,True,4,0.9928593497886998,0.9285364659791274,0.863782447463872,0.9728845891797617,0.9217345008742536
patient136,ed,True,5,0.9891844001268804,0.8814881488122368,0.8164073550189069,0.9668987072013541,0.8882647370108326
patient136,ed,True,6,0.9892226034045911,0.8575769084661695,0.7701223438481323,0.965606329725552,0.8644351940132845
patient136,ed,True,7,0.9897465419861229,0.8362573099374452,0.7597133157270475,0.971813209926437,0.8559279451969766
patient136,ed,True,8,0.9880814385494148,0.5518453427016534,0.7596330275194513,0.9551282051251438,0.7555355251154161
patient136,ed,True,9,0.9964931968016557,,0.7900146842820117,0.9000989119594451,0.8450567981207284
patient136,es,False,0,0.9935018839074711,,,,
patient136,es,False,1,0.9909317753026305,,0.7355421686724833,0.8936806148571869,0.8146113917648351
patient136,es,False,2,0.9733394773219385,0.5469061876229311,0.8830946783481874,0.9736692555389778,0.8012233738366987
patient136,es,False,3,0.9928877679695682,0.9470709146943807,0.8554047730443253,0.95087892229185,0.9177848700101853
patient136,es,False,4,0.994060727393895,0.9089242053761952,0.874302299618499,0.9792943514974668,0.9208402854973871
patient136,es,False,5,0.9922349378956207,0.8939692550220971,0.8452350698834937,0.9624163377364641,0.9005402208806851
patient136,es,False,6,0.9928075709777614,0.8352059925041498,0.8465066091156016,0.9687188682985282,0.8834771566394265
patient136,es,False,7,0.993167815530868,0.7612797374835006,0.8514129443912142,0.949533735598054,0.8540754724909231
patient136,es,False,8,0.9928921460419713,0.7097435897363104,0.8327985739720756,0.8982456140305853,0.8135959259129905
patient136,es,False,9,0.9928699737458903,,0.5131938125522003,0.16988416987761065,0.3415389912149055
patient137,ed,True,0,0.9458995768041654,,,,
patient137,ed,True,1,0.9909469226836185,0.9668905384694627,0.8429752066094591,0.9715170278622732,0.9271275909803984
patient137,ed,True,2,0.9902601540168235,0.9669805065628339,0.8548837209282445,0.9701063523987208,0.9306568599632664
patient137,ed,True,3,0.993096681501035,0.9628024557584637,0.8721471305099221,0.9710737543526108,0.9353411135403321
patient137,ed,True,4,0.9930502444051155,0.9279636982390018,0.8781100779068155,0.9692282376156505,0.9251006712538227
patient137,ed,True,5,0.9952409850201228,0.9039115646220072,0.8744019138729833,0.9752493535260893,0.9178542773403601
patient137,ed,True,6,0.9945600393396757,0.8841940532012192,0.8417653390712532,0.9609936805383287,0.895651024270267
patient137,ed,True,7,0.9963552315759925,0.8648648648502556,0.8369175627202647,0.9589442815221145,0.8869089030308782
patient137,ed,True,8,0.9982073540827161,,0.864936793074751,0.9449275362250368,0.9049321646498939
patient137,es,False,0,0.9999999999998644,,,,
patient137,es,False,1,0.9847388562662125,,0.8077797423571412,0.9507027480575819,0.8792412452073616
patient137,es,False,2,0.9890649871961746,0.9418990703835626,0.8514851485130188,0.9532497149354746,0.9155446446106854
patient137,es,False,3,0.9897765097478111,0.9020550940076475,0.8885362951192215,0.9640397857670925,0.9182103916313205
patient137,es,False,4,0.9948159583974983,0.9268630849187978,0.9067511383866428,0.9509043927626242,0.9281728720226883
patient137,es,False,5,0.9939555088346973,0.8627450980337588,0.8299825174807037,0.8828016643520014,0.858509759955488
patient137,es,False,6,0.9959086513425581,0.7572016460749547,0.8989947343204907,0.9183342347165044,0.8581768717039834
patient137,es,False,7,0.997035459359746,0.5744680850758261,0.902146464643617,0.8144796379998362,0.7636980625730931
patient137,es,False,8,0.9989057717078274,,0.9196185286040899,0.3809523808919123,0.650285454748001
patient138,ed,True,0,0.9770912017830201,,0.8843756283915456,0.9405192244464656,0.9124474264190057
patient138,ed,True,1,0.9946674053809006,0.9630906218570112,0.9086674430196163,0.9105473965256657,0.9274351538007645
patient138,ed,True,2,0.9949294418946708,0.9664322250623938,0.9333807070511043,0.9525109170279681,0.9507746163804888
patient138,ed,True,3,0.9961586413719385,0.9689774032919016,0.9381133587003042,0.9627314258212005,0.9566073959378022
patient138,ed,True,4,0.9956141065982431,0.9653427776347955,0.9158249158228601,0.9596187609707559,0.9469288181428038
patient138,ed,True,5,0.9961488291196665,0.9213592232964983,0.9114183307708361,0.9536541889454734,0.9288105810042692
patient138,ed,True,6,0.9950948332241818,0.608349900584327,0.905380333948963,0.9465930018381341,0.8201077454571414
patient138,ed,True,7,0.9966941673612274,,0.8678655199340585,0.9323308270618276,0.900098173497943
patient138,ed,True,8,0.9986361612111726,,0.8850415512404084,0.8411214953074504,0.8630815232739294
patient138,es,False,0,0.9830979732200216,,0.7172483560932796,0.604586518411365,0.6609174372523223
patient138,es,False,1,0.9870560088336625,,0.9445797807537385,0.9021084337281469,0.9233441072409427
patient138,es,False,2,0.9949552214278211,0.9588926174476533,0.9507913669051068,0.8813852813776504,0.9303564219101368
patient138,es,False,3,0.9939065893104408,0.9426026719422499,0.9239272727259289,0.7746606334771524,0.880396859381777
patient138,es,False,4,0.994156677065196,0.9205103042168122,0.9351525371747124,0.7987987987908028,0.8848205467274425
patient138,es,False,5,0.9941467398700797,0.7543424317555473,0.9386166637167193,0.8277703604695892,0.8402431519806187
patient138,es,False,6,0.9957655057215496,0.0,0.9546400332897323,0.8194726166162378,0.5913708833019901
patient138,es,False,7,0.9968748662184459,,0.9149191132387211,0.7923322683452929,0.853625690792007
patient138,es,False,8,0.9982104460011101,,0.9214850882475869,,0.9214850882475869
patient139,ed,True,0,0.9836430148419926,0.9443491816041397,0.5412987012958894,0.9115442278833238,0.7990640369277844
patient139,ed,True,1,0.992657174586698,0.940949710879725,0.7885581754898008,0.9519890260612346,0.8938323041435868
patient139,ed,True,2,0.9959790781299451,0.9527167150540176,0.8310991957072728,0.9579667644165045,0.9139275583925982
patient139,ed,True,3,0.995578540758672,0.9252747252721834,0.7948303715638335,0.9514406608886733,0.8905152525748967
patient139,ed,True,4,0.994753734106747,0.9181547619013462,0.6824196597321247,0.9261418853233088,0.8422387689855931
patient139,ed,True,5,0.9938403896588994,0.9254426840590614,0.6214245653358306,0.9186727390991586,0.8218466628313502
patient139,ed,True,6,0.9968521983838873,0.8584595128317416,0.7794943820169979,0.9134199134149708,0.8504579360879033
patient139,ed,True,7,0.9956720870623422,0.8224776500533527,0.5743243243178567,0.8606060605930211,0.7524693449880768
patient139,es,False,0,0.9999999999998644,,,,
patient139,es,False,1,0.9848496360568049,0.9055857637150134,0.7306967984899685,0.8383780696696838,0.8248868772915552
patient139,es,False,2,0.9959020210485555,0.9663035216595737,0.9025514909286734,0.9373219373174867,0.9353923166352446
patient139,es,False,3,0.9964216055164106,0.9350073855209196,0.9021706809369546,0.9488993710654525,0.9286924791744422
patient139,es,False,4,0.997201381445606,0.9209074187558498,0.9014438166952247,0.9268011527324104,0.916384129394495
patient139,es,False,5,0.9964447927095038,0.8142414860618093,0.8570227081545121,0.8995633187694362,0.856942504328586
patient139,es,False,6,0.9983597748931028,0.8458498023603972,0.8492201039812293,0.8023255813797999,0.8324651625738088
patient139,es,False,7,0.9939001823090218,0.12269938649553991,0.47872340424683113,0.16666666663194443,0.2560298191247718
patient140,ed,True,0,0.9141133936454051,0.4373027930344311,0.735333631882063,0.952348303047815,0.7083282426547698
patient140,ed,True,1,0.9890405835045841,0.9634237745458226,0.7833001988040426,0.9343331061101242,0.8936856931533298
patient140,ed,True,2,0.9909276059987057,0.968312101910057,0.7965260545872767,0.9590717299557826,0.9079699621510388
patient140,ed,True,3,0.9883303250708602,0.9580342352282734,0.7233513065088206,0.9492656875813323,0.8768837431061421
patient140,ed,True,4,0.9877815499679481,0.9460209088959397,0.6939636977598398,0.9267306720542529,0.8555717595700107
patient140,ed,True,5,0.9897935513800262,0.9604307538179809,0.6259541984700969,0.9225825299417979,0.8363224940766253
patient140,ed,True,6,0.9907433915448373,0.9587242026251427,0.4987468671647948,0.8937805730227332,0.7837505476042236
patient140,ed,True,7,0.9921041399913128,0.9478295499782002,0.4618902438989186,0.8625698323974159,0.7574298754248449
patient140,ed,True,8,0.9913329129330257,0.9390416784776324,0.34301270417111607,0.762637362628982,0.6815639150925769
patient140,ed,True,9,0.9972252515908562,0.8440651667894177,,,0.8440651667894177
patient140,es,False,0,0.9999999999998644,,,,
patient140,es,False,1,0.9434710321011409,0.5901596440714602,0.6588235294074587,0.9041916167619551,0.7177249300802914
patient140,es,False,2,0.984160221554091,0.9225261064138015,0.8448867536003951,0.8812459441863645,0.8828862680668537
patient140,es,False,3,0.9900355399074983,0.9528720470068918,0.7421163279581566,0.8616975441582866,0.8522286397077782
patient140,es,False,4,0.9894656196129431,0.9144876325072182,0.8031599736642424,0.9259882253956014,0.8812119438556874
patient140,es,False,5,0.990263174267251,0.9231437255733324,0.7016555125019315,0.8749372174742596,0.8332454851831744
patient140,es,False,6,0.9920712829417818,0.9557570761171867,0.6967213114722371,0.8843861740114161,0.8456215205336134
patient140,es,False,7,0.9932076133158543,0.9260577303245312,0.606818181814734,0.787755102032778,0.773543671390681
patient140,es,False,8,0.9935046597005093,0.9071895424777309,0.6268922528884516,0.7529411764410611,0.7623409906024144
patient140,es,False,9,0.9996879451867581,0.0,,,0.0
patient141,ed,True,0,0.9991176031384822,,,,
patient141,ed,True,1,0.9938619386192074,0.976870748298489,0.879676440846378,0.9425420777685939,0.9330297556378202
patient141,ed,True,2,0.993891844447849,0.9734013481499604,0.9036943479605188,0.9616613418504748,0.9462523459869847
patient141,ed,True,3,0.9922195652948014,0.9707714422606891,0.8779186124053439,0.96640826873158,0.9383661077992044
patient141,ed,True,4,0.9938076187161257,0.9784934615789705,0.8689458689427745,0.9743835288461231,0.9406076197892895
patient141,ed,True,5,0.9948122364279747,0.9660434948480656,0.8758064516093718,0.9622485533178224,0.9346994999250867
patient141,ed,True,6,0.9959830286994054,0.9732182057647106,0.8469539375886729,0.9511941848357522,0.9237887760630453
patient141,ed,True,7,0.9949002526620999,0.958549222796272,0.8210116731464266,0.9612320764686074,0.9135976574704353
patient141,ed,True,8,0.9956471868472992,0.9401035247696818,0.8517469310590016,0.9344262294928782,0.9087588951071872
patient141,ed,True,9,0.9962173835296632,0.7322297955138051,,,0.7322297955138051
patient141,es,False,0,0.9999999999998644,,,,
patient141,es,False,1,0.9770371706462924,,,,
patient141,es,False,2,0.992243626422374,0.9271523178792971,0.9110671936728885,0.9160883280699301,0.9181026132073719
patient141,es,False,3,0.9955048185756104,0.9694760820030836,0.9387144992502773,0.92762645913675,0.9452723467967036
patient141,es,False,4,0.9949243455286214,0.9639123102850524,0.9101269101245529,0.8960863697645339,0.9233751967247131
patient141,es,False,5,0.9947111346170248,0.9572033898284805,0.8912842623933129,0.909830508468408,0.9194393868967339
patient141,es,False,6,0.9964123127014688,0.9534510433361331,0.9295993776704411,0.9361702127572973,0.9397402112546237
patient141,es,False,7,0.9952790891417596,0.9281000347310591,0.8493573264737823,0.8453608247248379,0.8742727286432265
patient141,es,False,8,0.9948677788808409,0.7631774313232133,0.8133971291768732,0.0,0.5255248535000289
patient141,es,False,9,0.9950795316694161,0.0,,,0.0
patient142,ed,True,0,0.986354902790734,0.8700284090893643,0.8914417001697547,0.9424999999970547,0.901323369752058
patient142,ed,True,1,0.9798049003293564,0.888089117393508,0.7424999999981438,0.9046700115750496,0.8450863763222337
patient142,ed,True,2,0.9906159690877374,0.9385711534740255,0.8115459339416832,0.9281006590745114,0.8927392488300735
patient142,ed,True,3,0.9910799314327676,0.9183437427690994,0.8080631025392695,0.9073203492246229,0.8779090648443306
patient142,ed,True,4,0.9957956467100555,0.9543881723782498,0.8873239436588475,0.9655596555935869,0.9357572572102281
patient142,ed,True,5,0.9931983048545413,0.9109414758231088,0.7726901062928345,0.9147879251015867,0.8661398357391766
patient142,ed,True,6,0.9930769118652997,0.8685446009338701,0.6690391459035051,0.8940359004001504,0.8105398824125084
patient142,ed,True,7,0.9946182977873809,0.7629268292608495,0.7938625750447375,0.8861283643800608,0.814305922895216
patient142,es,False,0,0.9949973419117795,,,,
patient142,es,False,1,0.9885267275096352,,0.7150989428009892,0.7433102081194914,0.7292045754602403
patient142,es,False,2,0.9883812921738947,0.8825326298225978,0.8736356003340184,0.8864142538876791,0.8808608280147651
patient142,es,False,3,0.9831661177910725,0.7486950037257692,0.8553532980997155,0.7147239263694061,0.7729240760649635
patient142,es,False,4,0.9940484221571106,0.8129456939066761,0.9530822638313632,0.823266219220956,0.8630980589863317
patient142,es,False,5,0.9888223378363152,0.5307950727824099,0.8790545637393034,0.6192468618987763,0.6763654994734966
patient142,es,False,6,0.9932730027897929,0.5533596837835304,0.8591494342533783,0.0,0.47083637267896955
patient142,es,False,7,0.9943235572373262,,0.7796976241858548,,0.7796976241858548
patient143,ed,True,0,0.9948854722307822,,0.8467475192920432,0.9638364779859059,0.9052919986389745
patient143,ed,True,1,0.9929846595494765,0.960699985168381,0.8622016936082572,0.9748402012770641,0.9325806266845674
patient143,ed,True,2,0.9904826165700149,0.9435406698549546,0.8933756805787355,0.9691027926307648,0.9353397143548183
patient143,ed,True,3,0.9906880314848214,0.941771269175485,0.8731443994582251,0.9683257918537431,0.9277471534958178
patient143,ed,True,4,0.9928370905995759,0.956482927915741,0.8908275174454366,0.9795665634659759,0.9422923362757177
patient143,ed,True,5,0.9936684326138724,0.9142011834285718,0.8647887323919302,0.9575692197034205,0.9121863785079741
patient143,ed,True,6,0.9938661797067326,0.900428265519805,0.8195329087019833,0.9566794277635369,0.8922135339951084
patient143,ed,True,7,0.997177571503887,0.9102167182592089,0.8812749003948953,0.9583219831082584,0.9166045339207876
patient143,ed,True,8,0.9963948447738391,0.8417910447635554,0.7923033389881591,0.9431245500326022,0.8590729779281056
patient143,ed,True,9,0.9949804029428598,,0.497706422012641,0.0,0.2488532110063205
patient143,es,False,0,0.974512699350122,,0.5187265917578712,0.7923553718987801,0.6555409818283257
patient143,es,False,1,0.9913890280559571,,0.7952063914759115,0.9641042452041237,0.8796553183400176
patient143,es,False,2,0.9857733831095103,0.8198631872287311,0.8774820447805715,0.9758107865956356,0.891052006201646
patient143,es,False,3,0.990263421140215,0.9074542897302181,0.8903803131972944,0.9753601213021695,0.924398241409894
patient143,es,False,4,0.9887480829766747,0.7655696202492883,0.8634947018473644,0.9649649649630331,0.8646764290198953
patient143,es,False,5,0.9934561280794291,0.7551440329140418,0.9039443155431464,0.9593772804647059,0.872821876307298
patient143,es,False,6,0.9957286964949569,0.7870778267138462,0.8832913518027337,0.9687137891049574,0.8796943225405124
patient143,es,False,7,0.996470484425866,0.5326086956232278,0.8843788437857184,0.926765475148532,0.7812510048524928
patient143,es,False,8,0.9965818348938651,0.0,0.8574938574903461,0.9246105918945507,0.5940348164616323
patient143,es,False,9,0.9965898579336201,,0.7259120673458755,0.7982456140000769,0.7620788406729762
patient144,ed,True,0,0.9884586248383185,,0.8261045804587511,0.9410029498497315,0.8835537651542413
patient144,ed,True,1,0.9930471143091696,0.9419079075171131,0.8653032440025906,0.9589515331331381,0.9220542282176138
patient144,ed,True,2,0.9942965170301845,0.9410722197586596,0.90995907230249,0.9684265010326905,0.9398192643646134
patient144,ed,True,3,0.9944834034594056,0.9256017505445142,0.8825878594213955,0.9582107121808175,0.9221334407155758
patient144,ed,True,4,0.995182779962652,0.9383448730598802,0.8545700135035814,0.956189151596119,0.9163680127198601
patient144,ed,True,5,0.9968935830299405,0.941700044499592,0.8802197802149438,0.9596891694950963,0.9272029980698774
patient144,ed,True,6,0.9981026304440135,0.9365721997237749,0.880898876397896,0.9455630126700555,0.9210113629305755
patient144,ed,True,7,0.9981781010526685,0.7459016393289775,0.8612652608117507,0.9449541284186938,0.8507070095198074
patient144,es,False,0,0.9999999999998644,,,,
patient144,es,False,1,0.9827241156040699,0.0,0.9250231410030083,0.9459815546709751,0.6236682318913278
patient144,es,False,2,0.9945829476653575,0.9105058365723327,0.9004465458342515,0.9005524861816261,0.9038349561960701
patient144,es,False,3,0.9947407963935395,0.9022624434348314,0.9049748462803103,0.9136690647416283,0.9069687848189233
patient144,es,False,4,0.9961210011650277,0.9046587215552294,0.8694236405051468,0.794059405932732,0.8560472559977028
patient144,es,False,5,0.9968992469598336,0.8880688806778835,0.889158576048183,0.8130434782431947,0.8634236449897538
patient144,es,False,6,0.9983805215835989,0.781249999975586,0.9116775340787691,0.6881720429367557,0.7936998589970369
patient144,es,False,7,0.9974013895725974,,0.6895424836488637,,0.6895424836488637
patient145,ed,True,0,0.9927915912481355,,0.8600847970909347,0.9587433108908014,0.909414053990868
patient145,ed,True,1,0.9886379382012975,0.9069288817724516,0.8729700469128961,0.94224123745114,0.9073800553788293
patient145,ed,True,2,0.9913625453333232,0.9283261802555186,0.9070450097832566,0.9414575866172701,0.9256095922186818
patient145,ed,True,3,0.9927546377317129,0.9237894736822657,0.9227610172154118,0.9562375158871323,0.9342626689282699
patient145,ed,True,4,0.991342432267096,0.9129327902217085,0.8910962615118456,0.9542483660112899,0.919425805914948
patient145,ed,True,5,0.9856592431532102,0.663557628243414,0.8101659751016335,0.9495018893834601,0.8077418309095025
patient145,ed,True,6,0.9939465068872392,0.7686034658433374,0.8668610301242302,0.9290322580621186,0.8548322513432288
patient145,ed,True,7,0.9960886181773265,0.8708487084549502,0.8963334212585167,0.941088739742949,0.9027569564854719
patient145,ed,True,8,0.996501734736335,,0.8723088344436811,0.9350318471278024,0.9036703407857418
patient145,ed,True,9,0.9999999999998644,,,,
patient145,es,False,0,0.9922698307384561,,0.8252032520304238,0.9391688415961872,0.8821860468133055
patient145,es,False,1,0.9882545489552665,,0.8679387870756321,0.9470394165637315,0.9074891018196818
patient145,es,False,2,0.994082016291688,0.9448664542981013,0.9109881422910499,0.9444633730818663,0.9334393232236726
patient145,es,False,3,0.9943306761955412,0.9197584124218586,0.9107627374119525,0.9351081530764742,0.9218764343034285
patient145,es,False,4,0.9894045174536363,0.8222996515643628,0.8822585819684275,0.9299097848694658,0.8781560061340854
patient145,es,False,5,0.9926963733172613,0.8753753753688036,0.8631794871777165,0.9304618578076532,0.8896722401180578
patient145,es,False,6,0.9921838243104324,0.15564202334024738,0.8755581440479994,0.8868778280506505,0.6393593318129658
patient145,es,False,7,0.996710916202294,,0.9168039538696112,0.8677325581332288,0.89226825600142
patient145,es,False,8,0.9964009098498465,,0.9080332409947146,0.8749999999866616,0.8915166204906881
patient145,es,False,9,0.9950521365772514,,,,
patient146,ed,True,0,0.9958025674804688,,0.9067873303146905,0.9657568238189436,0.936272077066817
patient146,ed,True,1,0.9924059492561693,0.959889349929516,0.921792618627149,0.9716430358611934,0.9511083348059528
patient146,ed,True,2,0.9946945946875333,0.9657724329309809,0.9222082810520238,0.9641398093486969,0.9507068411105672
patient146,ed,True,3,0.9928795881525385,0.9615981380896789,0.8859392575908078,0.9644103279810086,0.937315907887165
patient146,ed,True,4,0.9939937509104901,0.9611537566853661,0.888445078456809,0.974247894101145,0.9412822430811066
patient146,ed,True,5,0.9961008497349827,0.9477756286236371,0.899725274722185,0.9679736605777672,0.9384915213078631
patient146,ed,True,6,0.9973282615585145,0.9453262786554439,0.9303230829080175,0.9742619227820808,0.9499704281151807
patient146,ed,True,7,0.9963192673311796,0.903039073799544,0.834056399127798,0.9143239625106137,0.8838064784793186
patient146,ed,True,8,0.9964891911316144,0.6962025316015061,0.5225409836012035,0.13008130080772026,0.44960827200347664
patient146,es,False,0,0.9953807791357022,,,,
patient146,es,False,1,0.9974165577858123,,0.9209797657062386,0.882807852463517,0.9018938090848778
patient146,es,False,2,0.9934300749480157,0.9304921359692276,0.9162919405034309,0.8531684698543033,0.8999841821089872
patient146,es,False,3,0.9964744041741493,0.9239290989626148,0.9554511582683373,0.9105058365670186,0.9299620312659901
patient146,es,False,4,0.9942988505745604,0.8632938643656444,0.9270371027855014,0.8368794326156345,0.8757367999222602
patient146,es,False,5,0.9962723287506343,0.8879668049718842,0.9175627240124024,0.7591036414459509,0.8548777234767458
patient146,es,False,6,0.995942113300706,0.7816091953910689,0.8647200642891382,0.624999999988511,0.7571097532229061
patient146,es,False,7,0.9972552348612058,0.4487804877829863,0.8932478310037977,0.8124999999576823,0.7181761062481554
patient146,es,False,8,0.9968942392258965,,0.683684794664998,,0.683684794664998
patient147,ed,True,0,0.9880337334749681,0.9577510299693369,0.8639732249560986,0.9433377600687398,0.9216873383313917
patient147,ed,True,1,0.9921555380398244,0.9755820556494073,0.9042443064158793,0.9663608562668399,0.9487290727773755
patient147,ed,True,2,0.9870466794553783,0.9620500088659673,0.7905788876254524,0.930565497492411,0.8943981313279435
patient147,ed,True,3,0.985861806084797,0.9334212261031274,0.8587608261130621,0.9677584442145145,0.9199801654769013
patient147,ed,True,4,0.9900714392267673,0.9455986878062526,0.7015163607314385,0.9381818181791939,0.8617656222389617
patient147,ed,True,5,0.993405491768457,0.9568702290058075,0.7872539831265827,0.934341424588403,0.892821878906931
patient147,ed,True,6,0.989431201184491,0.7430237401051936,0.7876844130802586,0.9051918735789481,0.8119666755881334
patient147,ed,True,7,0.9999999999998644,,,,
patient147,es,False,0,0.9955449955448478,,0.8723800652052344,0.8815663801295055,0.8769732226673699
patient147,es,False,1,0.9909170718528851,0.9393436342728396,0.9413793103430242,0.917647058817179,0.9327900011443475
patient147,es,False,2,0.9924059949148615,0.9590779590767171,0.9104448363689782,0.8525469168824616,0.9073565707760524
patient147,es,False,3,0.9875829277302319,0.930598900280977,0.8452751817215854,0.8501118568137571,0.8753286462721066
patient147,es,False,4,0.9910328587244841,0.9333594668739056,0.862903225804132,0.8045977011391494,0.866953464605729
patient147,es,False,5,0.9920655081211255,0.9015910430144326,0.8640809443478447,0.7578475336152949,0.8411731736591906
patient147,es,False,6,0.9947262227786831,0.7945879458696853,0.7866666666591747,,0.79062730626443
patient147,es,False,7,0.9999999999998644,,,,
patient148,ed,True,0,0.9909142132693002,0.9363712142248731,0.8794072560018411,0.9725274725258027,0.929435314250839
patient148,ed,True,1,0.9943087502962509,0.9441909441892872,0.8828081813132039,0.9676218831392489,0.9315403362139133
patient148,ed,True,2,0.9953886908458981,0.9374703931763679,0.8921248142618362,0.9685181471807329,0.9327044515396458
patient148,ed,True,3,0.9966086653353307,0.930720783761614,0.8972513088975875,0.974108658741566,0.9340269171335892
patient148,ed,True,4,0.996426280582639,0.9088249634280409,0.882758620686074,0.9635779325094709,0.9183871722078619
patient148,ed,True,5,0.996113220982525,0.849999999994408,0.8851351351308633,0.9582111436915022,0.8977820929389244
patient148,ed,True,6,0.9943802773148183,,0.7843380981927637,0.8999114260327732,0.8421247621127684
patient148,ed,True,7,0.9966658955131124,,,,
patient148,es,False,0,0.9916746506324967,0.9311581211887215,0.9163604927579072,0.9587939698460343,0.9354375279308876
patient148,es,False,1,0.9953036437245352,0.9372676579903874,0.9274752995565956,0.960575934175658,0.941772963907547
patient148,es,False,2,0.9935673531316095,0.8768138314267465,0.909450766944806,0.9471032745562119,0.9111226243092547
patient148,es,False,3,0.9964632932709184,0.8738229755124054,0.8772659732514791,0.9476121562924816,0.8995670350187887
patient148,es,False,4,0.9947852073214801,0.6878547105483784,0.8204357625814409,0.9220858895677236,0.8101254542325144
patient148,es,False,5,0.9962016070122723,0.8590455049849163,0.7707373271845004,0.9428246876147565,0.8575358399280577
patient148,es,False,6,0.9946913649967535,,0.8082111436902745,0.9022988505660701,0.8552549971281722
patient148,es,False,7,0.9959553866894097,,,,
patient149,ed,True,0,0.9378910776359978,0.2653658536580188,0.8424283765319154,0.9712982322733866,0.6930308208211069
patient149,ed,True,1,0.9904887197992871,0.9520652728187761,0.8927315357535384,0.981841555518268,0.9422127880301941
patient149,ed,True,2,0.9927674287325373,0.9671580791111266,0.9004714510191187,0.98132161355991,0.9496503812300517
patient149,ed,True,3,0.9946586517817099,0.9676526552482829,0.8967567567543331,0.9833942211873408,0.9492678777299856
patient149,ed,True,4,0.9942920332393941,0.9303410084496347,0.8414749448444958,0.9653702717084615,0.9123954083341973
patient149,ed,True,5,0.9948716340195733,0.9137859225284723,0.8662379421194012,0.9636281993691881,0.9145506880056873
patient149,ed,True,6,0.9968322294131293,0.9177027827062304,0.8948655256687251,0.9684035476691564,0.9269906186813707
patient149,ed,True,7,0.9974506432677718,0.9381933438911396,0.8785131459615662,0.9577363896813835,0.9248142931780299
patient149,ed,True,8,0.9971815825624942,0.7419354838538724,0.8419452887474017,0.948212983217008,0.8440312519394274
patient149,ed,True,9,0.9986832720687718,,0.8829268292575253,,0.8829268292575253
patient149,es,False,0,0.9999999999998644,,,,
patient149,es,False,1,0.995111057460014,,0.8587843967316033,0.9621595565173243,0.9104719766244638
patient149,es,False,2,0.9921470342521317,0.9344200151612312,0.919791172280684,0.9776663628054292,0.9439591834157813
patient149,es,False,3,0.9931488801052383,0.9291231258497749,0.9160886104253388,0.9736524051221328,0.9396213804657488
patient149,es,False,4,0.9949614982411201,0.9272407732832083,0.9025322503561812,0.9673457996065662,0.9323729410819852
patient149,es,False,5,0.9957249070630428,0.9329214474804373,0.9071572290862111,0.963482325442701,0.9345203340031164
patient149,es,False,6,0.9971510816985196,0.8536880290102336,0.912128712868465,0.940659340655206,0.9021586941779681
patient149,es,False,7,0.9965552826265612,0.7322970638906339,0.9021084337315433,0.9290780141789062,0.8544945039336945
patient149,es,False,8,0.9978206155705069,0.41463414631618084,0.8899889988949946,0.9215999999852544,0.7420743817321434
patient149,es,False,9,0.9986976489134282,,0.8786717752122775,,0.8786717752122775
patient150,ed,True,0,0.9957077310176468,0.9692053477527878,0.8745490981928876,0.9625895462961991,0.9354479974139581
patient150,ed,True,1,0.9943638637580207,0.9599414669819646,0.8739130434750946,0.9664463650204208,0.93343362515916
patient150,ed,True,2,0.9965217667517436,0.9661181026114083,0.9018450184468567,0.9686464440454534,0.9455365217012396
patient150,ed,True,3,0.9965985342773437,0.9426573426540467,0.8891547049406334,0.9663226507306727,0.932711566108451
patient150,ed,True,4,0.9970886820628125,0.9482233502489938,0.8863636363594396,0.9752460483120333,0.9366110116401556
patient150,ed,True,5,0.9976219136254078,0.9216817807013877,0.8756936736910339,0.9641065225744342,0.9204939923222852
patient150,ed,True,6,0.9974473425265609,0.857610474617715,0.8700866089215851,0.959142665767186,0.8956132497688287
patient150,ed,True,7,0.9988558510123653,,0.8460508701359297,0.9269406392482433,0.8864957546920865
patient150,es,False,0,0.9999999999998644,,,,
patient150,es,False,1,0.9950228946842992,0.9409961685799719,0.9148872180423613,0.963835155584829,0.9399061807357207
patient150,es,False,2,0.9942990924153614,0.8970886932941873,0.9222963951911287,0.9151999999926784,0.9115283628259981
patient150,es,False,3,0.994165798481769,0.8343423225050395,0.9125824018317209,0.8879870129798054,0.8783039124388553
patient150,es,False,4,0.9962474062953812,0.8509142053386012,0.933413317333733,0.9244357212863157,0.90292108131955
patient150,es,False,5,0.9959101382487046,0.7463863337615455,0.8853459972832927,0.8601036269281502,0.8306119859909962
patient150,es,False,6,0.9967203884860305,0.6413994168909213,0.8775510204038992,0.6312056737364821,0.7167187036771009
patient150,es,False,7,0.996489886228472,,0.3865546218406186,0.0,0.1932773109203093
